﻿<?xml version="1.0" encoding="utf-8" standalone="no"?>
<!--created with CoDeSys 3.0 (http://www.3s-software.com) by DeviceDescriptionBuilder (3S-Smart Software Solutions GmbH)-->
<DeviceDescription xmlns="http://www.3s-software.com/schemas/DeviceDescription-1.0.xsd" xmlns:ts="http://www.3s-software.com/schemas/TargetSettings-0.1.xsd" xmlns:xsi="http://www.w3.org/2001/XMLSchema-instance">
  <Types namespace="localTypes">
    <StructType name="Entry">
      <Component identifier="Index" type="std:UINT">
        <Default />
        <VisibleName name="local:Index">Index</VisibleName>
        <Description name="local:Index">Index</Description>
      </Component>
      <Component identifier="SubIndex" type="std:UINT">
        <Default />
        <VisibleName name="local:SubIndex">SubIndex</VisibleName>
        <Description name="local:SubIndex">SubIndex</Description>
      </Component>
      <Component identifier="Size" type="std:UINT">
        <Default />
        <VisibleName name="local:Size">Size</VisibleName>
        <Description name="local:Size">Size</Description>
      </Component>
      <Component identifier="Offset" type="std:UINT">
        <Default />
        <VisibleName name="local:Offset">Offset</VisibleName>
        <Description name="local:Offset">Offset</Description>
      </Component>
      <Component identifier="DependOnSlot" type="std:BOOL">
        <Default />
        <VisibleName name="local:DependOnSlot">DependOnSlot</VisibleName>
        <Description name="local:DependOnSlot">DependOnSlot</Description>
      </Component>
      <Component identifier="DependOnSlotGroup" type="std:BOOL">
        <Default />
        <VisibleName name="local:DependOnSlotGroup">DependOnSlotGroup</VisibleName>
        <Description name="local:DependOnSlotGroup">DependOnSlotGroup</Description>
      </Component>
    </StructType>
    <StructType name="PDO_Information">
      <Component identifier="Name" type="std:STRING">
        <Default />
        <VisibleName name="local:Name">Name</VisibleName>
        <Description name="local:Name">Name</Description>
      </Component>
      <Component identifier="DataType" type="std:STRING">
        <Default />
        <VisibleName name="local:DataType">DataType</VisibleName>
        <Description name="local:DataType">DataType</Description>
      </Component>
      <Component identifier="Default" type="std:STRING">
        <Default />
        <VisibleName name="local:Default">Default</VisibleName>
        <Description name="local:Default">Default</Description>
      </Component>
      <Component identifier="Comment" type="std:STRING">
        <Default />
        <VisibleName name="local:Comment">Comment</VisibleName>
        <Description name="local:Comment">Comment</Description>
      </Component>
    </StructType>
    <StructType name="RxTxPdo">
      <Component identifier="NumberofExcludes" type="std:INT">
        <Default />
        <VisibleName name="local:NumberofExcludes">NumberofExcludes</VisibleName>
      </Component>
      <Component identifier="NumberofEntries" type="std:INT">
        <Default />
        <VisibleName name="local:NumberofEntries">NumberofEntries</VisibleName>
      </Component>
      <Component identifier="Index" type="std:UINT">
        <Default />
        <VisibleName name="local:Index">Index</VisibleName>
      </Component>
      <Component identifier="Fixed" type="std:BOOL">
        <Default />
        <VisibleName name="local:Fixed">Fixed</VisibleName>
      </Component>
      <Component identifier="Mandatory" type="std:BOOL">
        <Default />
        <VisibleName name="local:Mandatory">Mandatory</VisibleName>
      </Component>
      <Component identifier="Virtual" type="std:BOOL">
        <Default />
        <VisibleName name="local:Virtual">Virtual</VisibleName>
      </Component>
      <Component identifier="Sm" type="std:INT">
        <Default />
        <VisibleName name="local:Sm">Sm</VisibleName>
      </Component>
      <Component identifier="Su" type="std:INT">
        <Default />
        <VisibleName name="local:Su">Su</VisibleName>
      </Component>
      <Component identifier="Name" type="std:STRING">
        <Default />
        <VisibleName name="local:Name">Name</VisibleName>
      </Component>
      <Component identifier="DependOnSlot" type="std:BOOL">
        <Default />
        <VisibleName name="local:DependOnSlot">DependOnSlot</VisibleName>
      </Component>
      <Component identifier="DependOnSlotGroup" type="std:BOOL">
        <Default />
        <VisibleName name="local:DependOnSlotGroup">DependOnSlotGroup</VisibleName>
      </Component>
      <Component identifier="OverwrittenByModule" type="std:BOOL">
        <Default />
        <VisibleName name="local:OverwrittenByModule">OverwrittenByModule</VisibleName>
      </Component>
    </StructType>
    <StructType name="Struct_SDOParameters">
      <Component identifier="Index" type="std:UINT">
        <Default />
        <VisibleName name="local:Index">Index</VisibleName>
        <Description name="local:Index">Index</Description>
      </Component>
      <Component identifier="Subindex" type="std:USINT">
        <Default />
        <VisibleName name="local:Subindex">Subindex</VisibleName>
        <Description name="local:Subindex">Subindex</Description>
      </Component>
      <Component identifier="Value" type="std:UDINT">
        <Default />
        <VisibleName name="local:Value">Value</VisibleName>
        <Description name="local:Value">Value</Description>
      </Component>
      <Component identifier="Size" type="std:UINT">
        <Default />
        <VisibleName name="local:Size">Size</VisibleName>
        <Description name="local:Size">Size</Description>
      </Component>
      <Component identifier="AbortIfError" type="std:BOOL">
        <Default />
        <VisibleName name="local:AbortIfError">AbortIfError</VisibleName>
        <Description name="local:AbortIfError">AbortIfError</Description>
      </Component>
      <Component identifier="JumpToLine" type="std:BOOL">
        <Default />
        <VisibleName name="local:JumpToLine">JumpToLine</VisibleName>
        <Description name="local:JumpToLine">JumpToLine</Description>
      </Component>
      <Component identifier="Line" type="std:UINT">
        <Default />
        <VisibleName name="local:Line">Line</VisibleName>
        <Description name="local:Line">Line</Description>
      </Component>
      <Component identifier="Transition" type="localTypes:CoEInitCmdTransistion">
        <Default>0</Default>
        <VisibleName name="local:Transition">Transition</VisibleName>
      </Component>
      <Component identifier="CompleteAccess" type="std:BOOL">
        <Default />
        <VisibleName name="local:CompleteAccess">CompleteAccess</VisibleName>
        <Description name="local:CompleteAccess">CompleteAccess</Description>
      </Component>
      <Component identifier="DependOnSlot" type="std:BOOL">
        <Default />
        <VisibleName name="local:DependOnSlot">DependOnSlot</VisibleName>
        <Description name="local:DependOnSlot">DependOnSlot</Description>
      </Component>
      <Component identifier="DependOnSlotGroup" type="std:BOOL">
        <Default />
        <VisibleName name="local:DependOnSlotGroup">DependOnSlotGroup</VisibleName>
        <Description name="local:DependOnSlotGroup">DependOnSlotGroup</Description>
      </Component>
    </StructType>
    <EnumType name="CoEInitCmdTransistion" basetype="std:byte">
      <Enum identifier="CoETransitionPS">
        <Value>0</Value>
        <VisibleName name="local:CoEInitCmdTransistionPS">PS</VisibleName>
      </Enum>
      <Enum identifier="CoETransitionSO">
        <Value>1</Value>
        <VisibleName name="local:CoEInitCmdTransistionSO">SO</VisibleName>
      </Enum>
      <Enum identifier="CoETransitionSP">
        <Value>2</Value>
        <VisibleName name="local:CoEInitCmdTransistionSP">SP</VisibleName>
      </Enum>
      <Enum identifier="CoETransitionOP">
        <Value>3</Value>
        <VisibleName name="local:CoEInitCmdTransistionOP">OP</VisibleName>
      </Enum>
      <Enum identifier="CoETransitionOS">
        <Value>4</Value>
        <VisibleName name="local:CoEInitCmdTransistionOS">OS</VisibleName>
      </Enum>
    </EnumType>
  </Types>
  <ParameterFilterFlags />
  <Strings namespace="local">
    <Language lang="en-en">
      <String identifier="devicename">Digital Input</String>
      <String identifier="instancename">Digital_IN</String>
      <String identifier="typedevicedescription">EtherCAT Module imported from Slave XML: ifm_AL1x3x_Modules_v1.0.xml Device: Digital Input</String>
      <String identifier="ifmelectronic">ifm electronic</String>
      <String identifier="EtherCATModule">Module</String>
      <String identifier="General">General</String>
      <String identifier="ModuleIdent">Module ident</String>
      <String identifier="ModuleClass">Module class</String>
      <String identifier="Entry">Entry</String>
      <String identifier="Index">Index</String>
      <String identifier="SubIndex">SubIndex</String>
      <String identifier="Size">Size</String>
      <String identifier="Offset">Offset</String>
      <String identifier="DependOnSlot">DependOnSlot</String>
      <String identifier="DependOnSlotGroup">DependOnSlotGroup</String>
      <String identifier="OverwrittenByModule">OverwrittenByModule</String>
      <String identifier="Name">Name</String>
      <String identifier="DataType">DataType</String>
      <String identifier="Default">Default</String>
      <String identifier="Comment">Comment</String>
      <String identifier="NumberofExcludes">NumberofExcludes</String>
      <String identifier="NumberofEntries">NumberofEntries</String>
      <String identifier="Fixed">Fixed</String>
      <String identifier="Mandatory">Mandatory</String>
      <String identifier="Virtual">Virtual</String>
      <String identifier="Sm">Sm</String>
      <String identifier="Su">Su</String>
      <String identifier="RxPDO">RxPDO</String>
      <String identifier="Parameter_NumberOfRx">Number of RxPDOs of the Slave</String>
      <String identifier="TxPDO">TxPDO</String>
      <String identifier="Parameter_NumberOfTx">Number of TxPDOs of the Slave</String>
      <String identifier="Exclude">Exclude</String>
      <String identifier="RxTxPdo">RxTxPdo</String>
      <String identifier="RxPDO1">RxPDO1</String>
      <String identifier="input20byte2001">input byte 0</String>
      <String identifier="input20byte2012">input byte 1</String>
      <String identifier="input20byte2023">input byte 2</String>
      <String identifier="input20byte2034">input byte 3</String>
      <String identifier="SDOs">SDOs</String>
      <String identifier="Parameter_Number_Of_SDO">Number of SDO</String>
      <String identifier="Name0">Command_0</String>
      <String identifier="Comment0">Command_0</String>
      <String identifier="Name1">Command_1</String>
      <String identifier="Comment1">Command_1</String>
      <String identifier="Name2">Command_2</String>
      <String identifier="Comment2">Command_2</String>
      <String identifier="Name3">Command_3</String>
      <String identifier="Comment3">Command_3</String>
    </Language>
    <Language lang="en">
      <String identifier="Index">Index</String>
      <String identifier="Subindex">Subindex</String>
      <String identifier="Value">Value</String>
      <String identifier="Size">Size</String>
      <String identifier="AbortIfError">AbortIfError</String>
      <String identifier="JumpToLine">JumpToLine</String>
      <String identifier="Line">Line</String>
      <String identifier="Transition">Transition</String>
      <String identifier="CoEInitCmdTransistionPS">PS</String>
      <String identifier="CoEInitCmdTransistionSO">SO</String>
      <String identifier="CoEInitCmdTransistionSP">SP</String>
      <String identifier="CoEInitCmdTransistionOP">OP</String>
      <String identifier="CoEInitCmdTransistionOS">OS</String>
      <String identifier="CompleteAccess">CompleteAccess</String>
      <String identifier="DependOnSlot">DependOnSlot</String>
      <String identifier="DependOnSlotGroup">DependOnSlotGroup</String>
    </Language>
  </Strings>

  
  
  
  
  
  
  <Device hideInCatalogue="false">
    <DeviceIdentification>
      <Type>68</Type>
      <Id>622_00001001__Digital_IN</Id>
      <Version>v1.0</Version>
    </DeviceIdentification>
    <DeviceInfo>
      <Name name="local:devicename">Digital Input</Name>
      <Description name="local:typedevicedescription">EtherCAT Module imported from Slave XML: ifm_AL1x3x_Modules_v1.0.xml Device: Digital Input</Description>
      <Vendor name="local:ifmelectronic">ifm electronic</Vendor>
      <OrderNumber>Digital_IN</OrderNumber>
      <DefaultInstanceName name="local:instancename">Digital_IN</DefaultInstanceName>

	  
	  
    </DeviceInfo>
    <Connector moduleType="68" interface="Ethercat_622_Module_4097" role="child" explicit="false" hostpath="-1" connectorId="1">
      <InterfaceName name="local:EtherCATModule">Module</InterfaceName>
      <Slot count="1" allowEmpty="false" />
      <HostParameterSet>
        <ParameterSection>
          <Name name="local:General">General</Name>
          <Parameter ParameterId="1090519040" type="std:DWORD">
            <Attributes offlineaccess="readwrite" download="true" />
            <Default>16#1001</Default>
            <Name name="local:ModuleIdent">Module ident</Name>
          </Parameter>
          <Parameter ParameterId="1090519056" type="std:STRING">
            <Attributes offlineaccess="readwrite" download="false" />
            <Default>''</Default>
            <Name name="local:ModuleClass">Module class</Name>
          </Parameter>
        </ParameterSection>
        <ParameterSection>
          <Name name="local:RxPDO">RxPDO</Name>
          <Parameter ParameterId="1342504960" type="std:DWORD">
            <Attributes download="true" functional="false" />
            <Default>0</Default>
            <Name name="local:Parameter_NumberOfRx">Number of RxPDOs of the Slave</Name>
            <Description name="local:Parameter_NumberOfRx">Number of RxPDOs of the Slave</Description>
          </Parameter>
        </ParameterSection>
        <ParameterSection>
          <Name name="local:TxPDO">TxPDO</Name>
          <Parameter ParameterId="1342636032" type="std:DWORD">
            <Attributes download="true" functional="false" />
            <Default>1</Default>
            <Name name="local:Parameter_NumberOfTx">Number of TxPDOs of the Slave</Name>
            <Description name="local:Parameter_NumberOfTx">Number of TxPDOs of the Slave</Description>
          </Parameter>
          <ParameterSection>
            <Name name="local:RxPDO1">RxPDO1</Name>
            <ParameterSection>
              <Name name="local:input20byte2001">input byte 0</Name>
              <Parameter ParameterId="1879375874" type="localTypes:Entry">
                <Attributes offlineaccess="readwrite" download="true" />
                <Default>
                  <Element name="Index">16#6000</Element>
                  <Element name="SubIndex">1</Element>
                  <Element name="Size">8</Element>
                  <Element name="DependOnSlot">true</Element>
                </Default>
                <Name name="local:input20byte2001">input byte 0</Name>
              </Parameter>
              <Parameter ParameterId="1880424450" type="localTypes:PDO_Information">
                <Attributes offlineaccess="readwrite" download="false" />
                <Default>
                  <Element name="Name">'input byte 0'</Element>
                  <Element name="DataType">'USINT'</Element>
                  <Element name="Comment">''</Element>
                </Default>
                <Name name="local:input20byte2001">input byte 0</Name>
              </Parameter>
            </ParameterSection>
            <ParameterSection>
              <Name name="local:input20byte2012">input byte 1</Name>
              <Parameter ParameterId="1879375875" type="localTypes:Entry">
                <Attributes offlineaccess="readwrite" download="true" />
                <Default>
                  <Element name="Index">16#6000</Element>
                  <Element name="SubIndex">2</Element>
                  <Element name="Size">8</Element>
                  <Element name="DependOnSlot">true</Element>
                </Default>
                <Name name="local:input20byte2012">input byte 1</Name>
              </Parameter>
              <Parameter ParameterId="1880424451" type="localTypes:PDO_Information">
                <Attributes offlineaccess="readwrite" download="false" />
                <Default>
                  <Element name="Name">'input byte 1'</Element>
                  <Element name="DataType">'USINT'</Element>
                  <Element name="Comment">''</Element>
                </Default>
                <Name name="local:input20byte2012">input byte 1</Name>
              </Parameter>
            </ParameterSection>
            <ParameterSection>
              <Name name="local:input20byte2023">input byte 2</Name>
              <Parameter ParameterId="1879375876" type="localTypes:Entry">
                <Attributes offlineaccess="readwrite" download="true" />
                <Default>
                  <Element name="Index">16#6000</Element>
                  <Element name="SubIndex">3</Element>
                  <Element name="Size">8</Element>
                  <Element name="DependOnSlot">true</Element>
                </Default>
                <Name name="local:input20byte2023">input byte 2</Name>
              </Parameter>
              <Parameter ParameterId="1880424452" type="localTypes:PDO_Information">
                <Attributes offlineaccess="readwrite" download="false" />
                <Default>
                  <Element name="Name">'input byte 2'</Element>
                  <Element name="DataType">'USINT'</Element>
                  <Element name="Comment">''</Element>
                </Default>
                <Name name="local:input20byte2023">input byte 2</Name>
              </Parameter>
            </ParameterSection>
            <ParameterSection>
              <Name name="local:input20byte2034">input byte 3</Name>
              <Parameter ParameterId="1879375877" type="localTypes:Entry">
                <Attributes offlineaccess="readwrite" download="true" />
                <Default>
                  <Element name="Index">16#6000</Element>
                  <Element name="SubIndex">4</Element>
                  <Element name="Size">8</Element>
                  <Element name="DependOnSlot">true</Element>
                </Default>
                <Name name="local:input20byte2034">input byte 3</Name>
              </Parameter>
              <Parameter ParameterId="1880424453" type="localTypes:PDO_Information">
                <Attributes offlineaccess="readwrite" download="false" />
                <Default>
                  <Element name="Name">'input byte 3'</Element>
                  <Element name="DataType">'USINT'</Element>
                  <Element name="Comment">''</Element>
                </Default>
                <Name name="local:input20byte2034">input byte 3</Name>
              </Parameter>
            </ParameterSection>
            <Parameter ParameterId="1879375872" type="localTypes:RxTxPdo">
              <Attributes offlineaccess="readwrite" download="true" />
              <Default>
                <Element name="NumberofExcludes">0</Element>
                <Element name="NumberofEntries">4</Element>
                <Element name="Index">16#1A00</Element>
                <Element name="Name">'TxPDO'</Element>
                <Element name="Fixed">FALSE</Element>
                <Element name="Mandatory">FALSE</Element>
                <Element name="Virtual">FALSE</Element>
                <Element name="Sm">3</Element>
                <Element name="Su">0</Element>
                <Element name="DependOnSlot">true</Element>
              </Default>
              <Name name="local:RxTxPdo">RxTxPdo</Name>
            </Parameter>
          </ParameterSection>
        </ParameterSection>
        <ParameterSection>
          <Name name="local:SDOs">SDOs</Name>
          <Parameter ParameterId="1627389952" type="std:UINT">
            <Attributes download="true" functional="false" />
            <Default>4</Default>
            <Name name="local:Parameter_Number_Of_SDO">Number of SDO</Name>
            <Description name="local:Parameter_Number_Of_SDO">Number of SDO</Description>
          </Parameter>
          <Parameter ParameterId="1627394048" type="localTypes:Struct_SDOParameters">
            <Attributes download="true" functional="false" />
            <Default>
              <Element name="Index">16#8000</Element>
              <Element name="Subindex">16#22</Element>
              <Element name="Value">0</Element>
              <Element name="Size">8</Element>
              <Element name="AbortIfError">FALSE</Element>
              <Element name="JumpToLine">FALSE</Element>
              <Element name="Line">0</Element>
              <Element name="DependOnSlot">True</Element>
              <Element name="CompleteAccess">False</Element>
              <Element name="Transition">0</Element>
            </Default>
            <Name name="local:Name0">Command_0</Name>
            <Description name="local:Comment0">Command_0</Description>
          </Parameter>
          <Parameter ParameterId="1627394049" type="localTypes:Struct_SDOParameters">
            <Attributes download="true" functional="false" />
            <Default>
              <Element name="Index">16#8000</Element>
              <Element name="Subindex">16#24</Element>
              <Element name="Value">1</Element>
              <Element name="Size">8</Element>
              <Element name="AbortIfError">FALSE</Element>
              <Element name="JumpToLine">FALSE</Element>
              <Element name="Line">0</Element>
              <Element name="DependOnSlot">True</Element>
              <Element name="CompleteAccess">False</Element>
              <Element name="Transition">0</Element>
            </Default>
            <Name name="local:Name1">Command_1</Name>
            <Description name="local:Comment1">Command_1</Description>
          </Parameter>
          <Parameter ParameterId="1627394050" type="localTypes:Struct_SDOParameters">
            <Attributes download="true" functional="false" />
            <Default>
              <Element name="Index">16#8000</Element>
              <Element name="Subindex">16#25</Element>
              <Element name="Value">0</Element>
              <Element name="Size">8</Element>
              <Element name="AbortIfError">FALSE</Element>
              <Element name="JumpToLine">FALSE</Element>
              <Element name="Line">0</Element>
              <Element name="DependOnSlot">True</Element>
              <Element name="CompleteAccess">False</Element>
              <Element name="Transition">0</Element>
            </Default>
            <Name name="local:Name2">Command_2</Name>
            <Description name="local:Comment2">Command_2</Description>
          </Parameter>
          <Parameter ParameterId="1627394051" type="localTypes:Struct_SDOParameters">
            <Attributes download="true" functional="false" />
            <Default>
              <Element name="Index">16#8000</Element>
              <Element name="Subindex">16#28</Element>
              <Element name="Value">1</Element>
              <Element name="Size">16</Element>
              <Element name="AbortIfError">FALSE</Element>
              <Element name="JumpToLine">FALSE</Element>
              <Element name="Line">0</Element>
              <Element name="DependOnSlot">True</Element>
              <Element name="CompleteAccess">False</Element>
              <Element name="Transition">0</Element>
            </Default>
            <Name name="local:Name3">Command_3</Name>
            <Description name="local:Comment3">Command_3</Description>
          </Parameter>
        </ParameterSection>
      </HostParameterSet>
      <Appearance>
        <ShowEditor>EthercatSDOEditorPage</ShowEditor>
        <ShowEditor>DeviceInformation</ShowEditor>
        <ShowEditor>IoMappingEditor</ShowEditor>
      </Appearance>
    </Connector>
  </Device>
  <ImportPluginVersion>3.5.0.0</ImportPluginVersion>
</DeviceDescription>