﻿<?xml version="1.0" encoding="utf-8" standalone="no"?>
<!--created with CoDeSys 3.0 (http://www.3s-software.com) by DeviceDescriptionBuilder (3S-Smart Software Solutions GmbH)-->
<DeviceDescription xmlns="http://www.3s-software.com/schemas/DeviceDescription-1.0.xsd" xmlns:ts="http://www.3s-software.com/schemas/TargetSettings-0.1.xsd" xmlns:xsi="http://www.w3.org/2001/XMLSchema-instance">
  <Types namespace="localTypes">
    <StructType name="Entry">
      <Component identifier="Index" type="std:UINT">
        <Default />
        <VisibleName name="local:Index">Index</VisibleName>
        <Description name="local:Index">Index</Description>
      </Component>
      <Component identifier="SubIndex" type="std:UINT">
        <Default />
        <VisibleName name="local:SubIndex">SubIndex</VisibleName>
        <Description name="local:SubIndex">SubIndex</Description>
      </Component>
      <Component identifier="Size" type="std:UINT">
        <Default />
        <VisibleName name="local:Size">Size</VisibleName>
        <Description name="local:Size">Size</Description>
      </Component>
      <Component identifier="Offset" type="std:UINT">
        <Default />
        <VisibleName name="local:Offset">Offset</VisibleName>
        <Description name="local:Offset">Offset</Description>
      </Component>
      <Component identifier="DependOnSlot" type="std:BOOL">
        <Default />
        <VisibleName name="local:DependOnSlot">DependOnSlot</VisibleName>
        <Description name="local:DependOnSlot">DependOnSlot</Description>
      </Component>
      <Component identifier="DependOnSlotGroup" type="std:BOOL">
        <Default />
        <VisibleName name="local:DependOnSlotGroup">DependOnSlotGroup</VisibleName>
        <Description name="local:DependOnSlotGroup">DependOnSlotGroup</Description>
      </Component>
    </StructType>
    <StructType name="PDO_Information">
      <Component identifier="Name" type="std:STRING">
        <Default />
        <VisibleName name="local:Name">Name</VisibleName>
        <Description name="local:Name">Name</Description>
      </Component>
      <Component identifier="DataType" type="std:STRING">
        <Default />
        <VisibleName name="local:DataType">DataType</VisibleName>
        <Description name="local:DataType">DataType</Description>
      </Component>
      <Component identifier="Default" type="std:STRING">
        <Default />
        <VisibleName name="local:Default">Default</VisibleName>
        <Description name="local:Default">Default</Description>
      </Component>
      <Component identifier="Comment" type="std:STRING">
        <Default />
        <VisibleName name="local:Comment">Comment</VisibleName>
        <Description name="local:Comment">Comment</Description>
      </Component>
    </StructType>
    <StructType name="RxTxPdo">
      <Component identifier="NumberofExcludes" type="std:INT">
        <Default />
        <VisibleName name="local:NumberofExcludes">NumberofExcludes</VisibleName>
      </Component>
      <Component identifier="NumberofEntries" type="std:INT">
        <Default />
        <VisibleName name="local:NumberofEntries">NumberofEntries</VisibleName>
      </Component>
      <Component identifier="Index" type="std:UINT">
        <Default />
        <VisibleName name="local:Index">Index</VisibleName>
      </Component>
      <Component identifier="Fixed" type="std:BOOL">
        <Default />
        <VisibleName name="local:Fixed">Fixed</VisibleName>
      </Component>
      <Component identifier="Mandatory" type="std:BOOL">
        <Default />
        <VisibleName name="local:Mandatory">Mandatory</VisibleName>
      </Component>
      <Component identifier="Virtual" type="std:BOOL">
        <Default />
        <VisibleName name="local:Virtual">Virtual</VisibleName>
      </Component>
      <Component identifier="Sm" type="std:INT">
        <Default />
        <VisibleName name="local:Sm">Sm</VisibleName>
      </Component>
      <Component identifier="Su" type="std:INT">
        <Default />
        <VisibleName name="local:Su">Su</VisibleName>
      </Component>
      <Component identifier="Name" type="std:STRING">
        <Default />
        <VisibleName name="local:Name">Name</VisibleName>
      </Component>
      <Component identifier="DependOnSlot" type="std:BOOL">
        <Default />
        <VisibleName name="local:DependOnSlot">DependOnSlot</VisibleName>
      </Component>
      <Component identifier="DependOnSlotGroup" type="std:BOOL">
        <Default />
        <VisibleName name="local:DependOnSlotGroup">DependOnSlotGroup</VisibleName>
      </Component>
      <Component identifier="OverwrittenByModule" type="std:BOOL">
        <Default />
        <VisibleName name="local:OverwrittenByModule">OverwrittenByModule</VisibleName>
      </Component>
    </StructType>
    <StructType name="Struct_SDOParameters">
      <Component identifier="Index" type="std:UINT">
        <Default />
        <VisibleName name="local:Index">Index</VisibleName>
        <Description name="local:Index">Index</Description>
      </Component>
      <Component identifier="Subindex" type="std:USINT">
        <Default />
        <VisibleName name="local:Subindex">Subindex</VisibleName>
        <Description name="local:Subindex">Subindex</Description>
      </Component>
      <Component identifier="Value" type="std:UDINT">
        <Default />
        <VisibleName name="local:Value">Value</VisibleName>
        <Description name="local:Value">Value</Description>
      </Component>
      <Component identifier="Size" type="std:UINT">
        <Default />
        <VisibleName name="local:Size">Size</VisibleName>
        <Description name="local:Size">Size</Description>
      </Component>
      <Component identifier="AbortIfError" type="std:BOOL">
        <Default />
        <VisibleName name="local:AbortIfError">AbortIfError</VisibleName>
        <Description name="local:AbortIfError">AbortIfError</Description>
      </Component>
      <Component identifier="JumpToLine" type="std:BOOL">
        <Default />
        <VisibleName name="local:JumpToLine">JumpToLine</VisibleName>
        <Description name="local:JumpToLine">JumpToLine</Description>
      </Component>
      <Component identifier="Line" type="std:UINT">
        <Default />
        <VisibleName name="local:Line">Line</VisibleName>
        <Description name="local:Line">Line</Description>
      </Component>
      <Component identifier="Transition" type="localTypes:CoEInitCmdTransistion">
        <Default>0</Default>
        <VisibleName name="local:Transition">Transition</VisibleName>
      </Component>
      <Component identifier="CompleteAccess" type="std:BOOL">
        <Default />
        <VisibleName name="local:CompleteAccess">CompleteAccess</VisibleName>
        <Description name="local:CompleteAccess">CompleteAccess</Description>
      </Component>
      <Component identifier="DependOnSlot" type="std:BOOL">
        <Default />
        <VisibleName name="local:DependOnSlot">DependOnSlot</VisibleName>
        <Description name="local:DependOnSlot">DependOnSlot</Description>
      </Component>
      <Component identifier="DependOnSlotGroup" type="std:BOOL">
        <Default />
        <VisibleName name="local:DependOnSlotGroup">DependOnSlotGroup</VisibleName>
        <Description name="local:DependOnSlotGroup">DependOnSlotGroup</Description>
      </Component>
    </StructType>
    <EnumType name="CoEInitCmdTransistion" basetype="std:byte">
      <Enum identifier="CoETransitionPS">
        <Value>0</Value>
        <VisibleName name="local:CoEInitCmdTransistionPS">PS</VisibleName>
      </Enum>
      <Enum identifier="CoETransitionSO">
        <Value>1</Value>
        <VisibleName name="local:CoEInitCmdTransistionSO">SO</VisibleName>
      </Enum>
      <Enum identifier="CoETransitionSP">
        <Value>2</Value>
        <VisibleName name="local:CoEInitCmdTransistionSP">SP</VisibleName>
      </Enum>
      <Enum identifier="CoETransitionOP">
        <Value>3</Value>
        <VisibleName name="local:CoEInitCmdTransistionOP">OP</VisibleName>
      </Enum>
      <Enum identifier="CoETransitionOS">
        <Value>4</Value>
        <VisibleName name="local:CoEInitCmdTransistionOS">OS</VisibleName>
      </Enum>
    </EnumType>
  </Types>
  <ParameterFilterFlags />
  <Strings namespace="local">
    <Language lang="en-en">
      <String identifier="devicename">IO-Link  Output 32 Byte Process Data</String>
      <String identifier="instancename">IOL_Out_32Byte</String>
      <String identifier="typedevicedescription">EtherCAT Module imported from Slave XML: ifm_AL1x3x_Modules_v1.0.xml Device: IO-Link  Output 32 Byte Process Data</String>
      <String identifier="ifmelectronic">ifm electronic</String>
      <String identifier="EtherCATModule">Module</String>
      <String identifier="General">General</String>
      <String identifier="ModuleIdent">Module ident</String>
      <String identifier="ModuleClass">Module class</String>
      <String identifier="Entry">Entry</String>
      <String identifier="Index">Index</String>
      <String identifier="SubIndex">SubIndex</String>
      <String identifier="Size">Size</String>
      <String identifier="Offset">Offset</String>
      <String identifier="DependOnSlot">DependOnSlot</String>
      <String identifier="DependOnSlotGroup">DependOnSlotGroup</String>
      <String identifier="OverwrittenByModule">OverwrittenByModule</String>
      <String identifier="Name">Name</String>
      <String identifier="DataType">DataType</String>
      <String identifier="Default">Default</String>
      <String identifier="Comment">Comment</String>
      <String identifier="NumberofExcludes">NumberofExcludes</String>
      <String identifier="NumberofEntries">NumberofEntries</String>
      <String identifier="Fixed">Fixed</String>
      <String identifier="Mandatory">Mandatory</String>
      <String identifier="Virtual">Virtual</String>
      <String identifier="Sm">Sm</String>
      <String identifier="Su">Su</String>
      <String identifier="RxPDO">RxPDO</String>
      <String identifier="Parameter_NumberOfRx">Number of RxPDOs of the Slave</String>
      <String identifier="Exclude">Exclude</String>
      <String identifier="RxTxPdo">RxTxPdo</String>
      <String identifier="RxPDO1">RxPDO1</String>
      <String identifier="output20byte2001">output byte 0</String>
      <String identifier="output20byte2012">output byte 1</String>
      <String identifier="output20byte2023">output byte 2</String>
      <String identifier="output20byte2034">output byte 3</String>
      <String identifier="output20byte2045">output byte 4</String>
      <String identifier="output20byte2056">output byte 5</String>
      <String identifier="output20byte2067">output byte 6</String>
      <String identifier="output20byte2078">output byte 7</String>
      <String identifier="output20byte2089">output byte 8</String>
      <String identifier="output20byte20910">output byte 9</String>
      <String identifier="output20byte201011">output byte 10</String>
      <String identifier="output20byte201112">output byte 11</String>
      <String identifier="output20byte201213">output byte 12</String>
      <String identifier="output20byte201314">output byte 13</String>
      <String identifier="output20byte201415">output byte 14</String>
      <String identifier="output20byte201516">output byte 15</String>
      <String identifier="output20byte201617">output byte 16</String>
      <String identifier="output20byte201718">output byte 17</String>
      <String identifier="output20byte201819">output byte 18</String>
      <String identifier="output20byte201920">output byte 19</String>
      <String identifier="output20byte202021">output byte 20</String>
      <String identifier="output20byte202122">output byte 21</String>
      <String identifier="output20byte202223">output byte 22</String>
      <String identifier="output20byte202324">output byte 23</String>
      <String identifier="output20byte202425">output byte 24</String>
      <String identifier="output20byte202526">output byte 25</String>
      <String identifier="output20byte202627">output byte 26</String>
      <String identifier="output20byte202728">output byte 27</String>
      <String identifier="output20byte202829">output byte 28</String>
      <String identifier="output20byte202930">output byte 29</String>
      <String identifier="output20byte203031">output byte 30</String>
      <String identifier="output20byte203132">output byte 31</String>
      <String identifier="TxPDO">TxPDO</String>
      <String identifier="Parameter_NumberOfTx">Number of TxPDOs of the Slave</String>
      <String identifier="SDOs">SDOs</String>
      <String identifier="Parameter_Number_Of_SDO">Number of SDO</String>
      <String identifier="Name0">Command_0</String>
      <String identifier="Comment0">Command_0</String>
      <String identifier="Name1">Command_1</String>
      <String identifier="Comment1">Command_1</String>
      <String identifier="Name2">Command_2</String>
      <String identifier="Comment2">Command_2</String>
    </Language>
    <Language lang="en">
      <String identifier="Index">Index</String>
      <String identifier="Subindex">Subindex</String>
      <String identifier="Value">Value</String>
      <String identifier="Size">Size</String>
      <String identifier="AbortIfError">AbortIfError</String>
      <String identifier="JumpToLine">JumpToLine</String>
      <String identifier="Line">Line</String>
      <String identifier="Transition">Transition</String>
      <String identifier="CoEInitCmdTransistionPS">PS</String>
      <String identifier="CoEInitCmdTransistionSO">SO</String>
      <String identifier="CoEInitCmdTransistionSP">SP</String>
      <String identifier="CoEInitCmdTransistionOP">OP</String>
      <String identifier="CoEInitCmdTransistionOS">OS</String>
      <String identifier="CompleteAccess">CompleteAccess</String>
      <String identifier="DependOnSlot">DependOnSlot</String>
      <String identifier="DependOnSlotGroup">DependOnSlotGroup</String>
    </Language>
  </Strings>

  
  
  
  
  
  
  <Device hideInCatalogue="false">
    <DeviceIdentification>
      <Type>68</Type>
      <Id>622_0000120A__IOL_Out_32Byte</Id>
      <Version>v1.0</Version>
    </DeviceIdentification>
    <DeviceInfo>
      <Name name="local:devicename">IO-Link  Output 32 Byte Process Data</Name>
      <Description name="local:typedevicedescription">EtherCAT Module imported from Slave XML: ifm_AL1x3x_Modules_v1.0.xml Device: IO-Link  Output 32 Byte Process Data</Description>
      <Vendor name="local:ifmelectronic">ifm electronic</Vendor>
      <OrderNumber>IOL_Out_32Byte</OrderNumber>
      <DefaultInstanceName name="local:instancename">IOL_Out_32Byte</DefaultInstanceName>

	  
	  
    </DeviceInfo>
    <Connector moduleType="68" interface="Ethercat_622_Module_4618" role="child" explicit="false" hostpath="-1" connectorId="1">
      <InterfaceName name="local:EtherCATModule">Module</InterfaceName>
      <Slot count="1" allowEmpty="false" />
      <HostParameterSet>
        <ParameterSection>
          <Name name="local:General">General</Name>
          <Parameter ParameterId="1090519040" type="std:DWORD">
            <Attributes offlineaccess="readwrite" download="true" />
            <Default>16#120A</Default>
            <Name name="local:ModuleIdent">Module ident</Name>
          </Parameter>
          <Parameter ParameterId="1090519056" type="std:STRING">
            <Attributes offlineaccess="readwrite" download="false" />
            <Default>''</Default>
            <Name name="local:ModuleClass">Module class</Name>
          </Parameter>
        </ParameterSection>
        <ParameterSection>
          <Name name="local:RxPDO">RxPDO</Name>
          <Parameter ParameterId="1342504960" type="std:DWORD">
            <Attributes download="true" functional="false" />
            <Default>1</Default>
            <Name name="local:Parameter_NumberOfRx">Number of RxPDOs of the Slave</Name>
            <Description name="local:Parameter_NumberOfRx">Number of RxPDOs of the Slave</Description>
          </Parameter>
          <ParameterSection>
            <Name name="local:RxPDO1">RxPDO1</Name>
            <ParameterSection>
              <Name name="local:output20byte2001">output byte 0</Name>
              <Parameter ParameterId="1879048194" type="localTypes:Entry">
                <Attributes offlineaccess="readwrite" download="true" />
                <Default>
                  <Element name="Index">16#7000</Element>
                  <Element name="SubIndex">1</Element>
                  <Element name="Size">8</Element>
                  <Element name="DependOnSlot">true</Element>
                </Default>
                <Name name="local:output20byte2001">output byte 0</Name>
              </Parameter>
              <Parameter ParameterId="1880096770" type="localTypes:PDO_Information">
                <Attributes offlineaccess="readwrite" download="false" />
                <Default>
                  <Element name="Name">'output byte 0'</Element>
                  <Element name="DataType">'USINT'</Element>
                  <Element name="Comment">''</Element>
                </Default>
                <Name name="local:output20byte2001">output byte 0</Name>
              </Parameter>
            </ParameterSection>
            <ParameterSection>
              <Name name="local:output20byte2012">output byte 1</Name>
              <Parameter ParameterId="1879048195" type="localTypes:Entry">
                <Attributes offlineaccess="readwrite" download="true" />
                <Default>
                  <Element name="Index">16#7000</Element>
                  <Element name="SubIndex">2</Element>
                  <Element name="Size">8</Element>
                  <Element name="DependOnSlot">true</Element>
                </Default>
                <Name name="local:output20byte2012">output byte 1</Name>
              </Parameter>
              <Parameter ParameterId="1880096771" type="localTypes:PDO_Information">
                <Attributes offlineaccess="readwrite" download="false" />
                <Default>
                  <Element name="Name">'output byte 1'</Element>
                  <Element name="DataType">'USINT'</Element>
                  <Element name="Comment">''</Element>
                </Default>
                <Name name="local:output20byte2012">output byte 1</Name>
              </Parameter>
            </ParameterSection>
            <ParameterSection>
              <Name name="local:output20byte2023">output byte 2</Name>
              <Parameter ParameterId="1879048196" type="localTypes:Entry">
                <Attributes offlineaccess="readwrite" download="true" />
                <Default>
                  <Element name="Index">16#7000</Element>
                  <Element name="SubIndex">3</Element>
                  <Element name="Size">8</Element>
                  <Element name="DependOnSlot">true</Element>
                </Default>
                <Name name="local:output20byte2023">output byte 2</Name>
              </Parameter>
              <Parameter ParameterId="1880096772" type="localTypes:PDO_Information">
                <Attributes offlineaccess="readwrite" download="false" />
                <Default>
                  <Element name="Name">'output byte 2'</Element>
                  <Element name="DataType">'USINT'</Element>
                  <Element name="Comment">''</Element>
                </Default>
                <Name name="local:output20byte2023">output byte 2</Name>
              </Parameter>
            </ParameterSection>
            <ParameterSection>
              <Name name="local:output20byte2034">output byte 3</Name>
              <Parameter ParameterId="1879048197" type="localTypes:Entry">
                <Attributes offlineaccess="readwrite" download="true" />
                <Default>
                  <Element name="Index">16#7000</Element>
                  <Element name="SubIndex">4</Element>
                  <Element name="Size">8</Element>
                  <Element name="DependOnSlot">true</Element>
                </Default>
                <Name name="local:output20byte2034">output byte 3</Name>
              </Parameter>
              <Parameter ParameterId="1880096773" type="localTypes:PDO_Information">
                <Attributes offlineaccess="readwrite" download="false" />
                <Default>
                  <Element name="Name">'output byte 3'</Element>
                  <Element name="DataType">'USINT'</Element>
                  <Element name="Comment">''</Element>
                </Default>
                <Name name="local:output20byte2034">output byte 3</Name>
              </Parameter>
            </ParameterSection>
            <ParameterSection>
              <Name name="local:output20byte2045">output byte 4</Name>
              <Parameter ParameterId="1879048198" type="localTypes:Entry">
                <Attributes offlineaccess="readwrite" download="true" />
                <Default>
                  <Element name="Index">16#7000</Element>
                  <Element name="SubIndex">5</Element>
                  <Element name="Size">8</Element>
                  <Element name="DependOnSlot">true</Element>
                </Default>
                <Name name="local:output20byte2045">output byte 4</Name>
              </Parameter>
              <Parameter ParameterId="1880096774" type="localTypes:PDO_Information">
                <Attributes offlineaccess="readwrite" download="false" />
                <Default>
                  <Element name="Name">'output byte 4'</Element>
                  <Element name="DataType">'USINT'</Element>
                  <Element name="Comment">''</Element>
                </Default>
                <Name name="local:output20byte2045">output byte 4</Name>
              </Parameter>
            </ParameterSection>
            <ParameterSection>
              <Name name="local:output20byte2056">output byte 5</Name>
              <Parameter ParameterId="1879048199" type="localTypes:Entry">
                <Attributes offlineaccess="readwrite" download="true" />
                <Default>
                  <Element name="Index">16#7000</Element>
                  <Element name="SubIndex">6</Element>
                  <Element name="Size">8</Element>
                  <Element name="DependOnSlot">true</Element>
                </Default>
                <Name name="local:output20byte2056">output byte 5</Name>
              </Parameter>
              <Parameter ParameterId="1880096775" type="localTypes:PDO_Information">
                <Attributes offlineaccess="readwrite" download="false" />
                <Default>
                  <Element name="Name">'output byte 5'</Element>
                  <Element name="DataType">'USINT'</Element>
                  <Element name="Comment">''</Element>
                </Default>
                <Name name="local:output20byte2056">output byte 5</Name>
              </Parameter>
            </ParameterSection>
            <ParameterSection>
              <Name name="local:output20byte2067">output byte 6</Name>
              <Parameter ParameterId="1879048200" type="localTypes:Entry">
                <Attributes offlineaccess="readwrite" download="true" />
                <Default>
                  <Element name="Index">16#7000</Element>
                  <Element name="SubIndex">7</Element>
                  <Element name="Size">8</Element>
                  <Element name="DependOnSlot">true</Element>
                </Default>
                <Name name="local:output20byte2067">output byte 6</Name>
              </Parameter>
              <Parameter ParameterId="1880096776" type="localTypes:PDO_Information">
                <Attributes offlineaccess="readwrite" download="false" />
                <Default>
                  <Element name="Name">'output byte 6'</Element>
                  <Element name="DataType">'USINT'</Element>
                  <Element name="Comment">''</Element>
                </Default>
                <Name name="local:output20byte2067">output byte 6</Name>
              </Parameter>
            </ParameterSection>
            <ParameterSection>
              <Name name="local:output20byte2078">output byte 7</Name>
              <Parameter ParameterId="1879048201" type="localTypes:Entry">
                <Attributes offlineaccess="readwrite" download="true" />
                <Default>
                  <Element name="Index">16#7000</Element>
                  <Element name="SubIndex">8</Element>
                  <Element name="Size">8</Element>
                  <Element name="DependOnSlot">true</Element>
                </Default>
                <Name name="local:output20byte2078">output byte 7</Name>
              </Parameter>
              <Parameter ParameterId="1880096777" type="localTypes:PDO_Information">
                <Attributes offlineaccess="readwrite" download="false" />
                <Default>
                  <Element name="Name">'output byte 7'</Element>
                  <Element name="DataType">'USINT'</Element>
                  <Element name="Comment">''</Element>
                </Default>
                <Name name="local:output20byte2078">output byte 7</Name>
              </Parameter>
            </ParameterSection>
            <ParameterSection>
              <Name name="local:output20byte2089">output byte 8</Name>
              <Parameter ParameterId="1879048202" type="localTypes:Entry">
                <Attributes offlineaccess="readwrite" download="true" />
                <Default>
                  <Element name="Index">16#7000</Element>
                  <Element name="SubIndex">9</Element>
                  <Element name="Size">8</Element>
                  <Element name="DependOnSlot">true</Element>
                </Default>
                <Name name="local:output20byte2089">output byte 8</Name>
              </Parameter>
              <Parameter ParameterId="1880096778" type="localTypes:PDO_Information">
                <Attributes offlineaccess="readwrite" download="false" />
                <Default>
                  <Element name="Name">'output byte 8'</Element>
                  <Element name="DataType">'USINT'</Element>
                  <Element name="Comment">''</Element>
                </Default>
                <Name name="local:output20byte2089">output byte 8</Name>
              </Parameter>
            </ParameterSection>
            <ParameterSection>
              <Name name="local:output20byte20910">output byte 9</Name>
              <Parameter ParameterId="1879048203" type="localTypes:Entry">
                <Attributes offlineaccess="readwrite" download="true" />
                <Default>
                  <Element name="Index">16#7000</Element>
                  <Element name="SubIndex">10</Element>
                  <Element name="Size">8</Element>
                  <Element name="DependOnSlot">true</Element>
                </Default>
                <Name name="local:output20byte20910">output byte 9</Name>
              </Parameter>
              <Parameter ParameterId="1880096779" type="localTypes:PDO_Information">
                <Attributes offlineaccess="readwrite" download="false" />
                <Default>
                  <Element name="Name">'output byte 9'</Element>
                  <Element name="DataType">'USINT'</Element>
                  <Element name="Comment">''</Element>
                </Default>
                <Name name="local:output20byte20910">output byte 9</Name>
              </Parameter>
            </ParameterSection>
            <ParameterSection>
              <Name name="local:output20byte201011">output byte 10</Name>
              <Parameter ParameterId="1879048204" type="localTypes:Entry">
                <Attributes offlineaccess="readwrite" download="true" />
                <Default>
                  <Element name="Index">16#7000</Element>
                  <Element name="SubIndex">11</Element>
                  <Element name="Size">8</Element>
                  <Element name="DependOnSlot">true</Element>
                </Default>
                <Name name="local:output20byte201011">output byte 10</Name>
              </Parameter>
              <Parameter ParameterId="1880096780" type="localTypes:PDO_Information">
                <Attributes offlineaccess="readwrite" download="false" />
                <Default>
                  <Element name="Name">'output byte 10'</Element>
                  <Element name="DataType">'USINT'</Element>
                  <Element name="Comment">''</Element>
                </Default>
                <Name name="local:output20byte201011">output byte 10</Name>
              </Parameter>
            </ParameterSection>
            <ParameterSection>
              <Name name="local:output20byte201112">output byte 11</Name>
              <Parameter ParameterId="1879048205" type="localTypes:Entry">
                <Attributes offlineaccess="readwrite" download="true" />
                <Default>
                  <Element name="Index">16#7000</Element>
                  <Element name="SubIndex">12</Element>
                  <Element name="Size">8</Element>
                  <Element name="DependOnSlot">true</Element>
                </Default>
                <Name name="local:output20byte201112">output byte 11</Name>
              </Parameter>
              <Parameter ParameterId="1880096781" type="localTypes:PDO_Information">
                <Attributes offlineaccess="readwrite" download="false" />
                <Default>
                  <Element name="Name">'output byte 11'</Element>
                  <Element name="DataType">'USINT'</Element>
                  <Element name="Comment">''</Element>
                </Default>
                <Name name="local:output20byte201112">output byte 11</Name>
              </Parameter>
            </ParameterSection>
            <ParameterSection>
              <Name name="local:output20byte201213">output byte 12</Name>
              <Parameter ParameterId="1879048206" type="localTypes:Entry">
                <Attributes offlineaccess="readwrite" download="true" />
                <Default>
                  <Element name="Index">16#7000</Element>
                  <Element name="SubIndex">13</Element>
                  <Element name="Size">8</Element>
                  <Element name="DependOnSlot">true</Element>
                </Default>
                <Name name="local:output20byte201213">output byte 12</Name>
              </Parameter>
              <Parameter ParameterId="1880096782" type="localTypes:PDO_Information">
                <Attributes offlineaccess="readwrite" download="false" />
                <Default>
                  <Element name="Name">'output byte 12'</Element>
                  <Element name="DataType">'USINT'</Element>
                  <Element name="Comment">''</Element>
                </Default>
                <Name name="local:output20byte201213">output byte 12</Name>
              </Parameter>
            </ParameterSection>
            <ParameterSection>
              <Name name="local:output20byte201314">output byte 13</Name>
              <Parameter ParameterId="1879048207" type="localTypes:Entry">
                <Attributes offlineaccess="readwrite" download="true" />
                <Default>
                  <Element name="Index">16#7000</Element>
                  <Element name="SubIndex">14</Element>
                  <Element name="Size">8</Element>
                  <Element name="DependOnSlot">true</Element>
                </Default>
                <Name name="local:output20byte201314">output byte 13</Name>
              </Parameter>
              <Parameter ParameterId="1880096783" type="localTypes:PDO_Information">
                <Attributes offlineaccess="readwrite" download="false" />
                <Default>
                  <Element name="Name">'output byte 13'</Element>
                  <Element name="DataType">'USINT'</Element>
                  <Element name="Comment">''</Element>
                </Default>
                <Name name="local:output20byte201314">output byte 13</Name>
              </Parameter>
            </ParameterSection>
            <ParameterSection>
              <Name name="local:output20byte201415">output byte 14</Name>
              <Parameter ParameterId="1879048208" type="localTypes:Entry">
                <Attributes offlineaccess="readwrite" download="true" />
                <Default>
                  <Element name="Index">16#7000</Element>
                  <Element name="SubIndex">15</Element>
                  <Element name="Size">8</Element>
                  <Element name="DependOnSlot">true</Element>
                </Default>
                <Name name="local:output20byte201415">output byte 14</Name>
              </Parameter>
              <Parameter ParameterId="1880096784" type="localTypes:PDO_Information">
                <Attributes offlineaccess="readwrite" download="false" />
                <Default>
                  <Element name="Name">'output byte 14'</Element>
                  <Element name="DataType">'USINT'</Element>
                  <Element name="Comment">''</Element>
                </Default>
                <Name name="local:output20byte201415">output byte 14</Name>
              </Parameter>
            </ParameterSection>
            <ParameterSection>
              <Name name="local:output20byte201516">output byte 15</Name>
              <Parameter ParameterId="1879048209" type="localTypes:Entry">
                <Attributes offlineaccess="readwrite" download="true" />
                <Default>
                  <Element name="Index">16#7000</Element>
                  <Element name="SubIndex">16</Element>
                  <Element name="Size">8</Element>
                  <Element name="DependOnSlot">true</Element>
                </Default>
                <Name name="local:output20byte201516">output byte 15</Name>
              </Parameter>
              <Parameter ParameterId="1880096785" type="localTypes:PDO_Information">
                <Attributes offlineaccess="readwrite" download="false" />
                <Default>
                  <Element name="Name">'output byte 15'</Element>
                  <Element name="DataType">'USINT'</Element>
                  <Element name="Comment">''</Element>
                </Default>
                <Name name="local:output20byte201516">output byte 15</Name>
              </Parameter>
            </ParameterSection>
            <ParameterSection>
              <Name name="local:output20byte201617">output byte 16</Name>
              <Parameter ParameterId="1879048210" type="localTypes:Entry">
                <Attributes offlineaccess="readwrite" download="true" />
                <Default>
                  <Element name="Index">16#7000</Element>
                  <Element name="SubIndex">17</Element>
                  <Element name="Size">8</Element>
                  <Element name="DependOnSlot">true</Element>
                </Default>
                <Name name="local:output20byte201617">output byte 16</Name>
              </Parameter>
              <Parameter ParameterId="1880096786" type="localTypes:PDO_Information">
                <Attributes offlineaccess="readwrite" download="false" />
                <Default>
                  <Element name="Name">'output byte 16'</Element>
                  <Element name="DataType">'USINT'</Element>
                  <Element name="Comment">''</Element>
                </Default>
                <Name name="local:output20byte201617">output byte 16</Name>
              </Parameter>
            </ParameterSection>
            <ParameterSection>
              <Name name="local:output20byte201718">output byte 17</Name>
              <Parameter ParameterId="1879048211" type="localTypes:Entry">
                <Attributes offlineaccess="readwrite" download="true" />
                <Default>
                  <Element name="Index">16#7000</Element>
                  <Element name="SubIndex">18</Element>
                  <Element name="Size">8</Element>
                  <Element name="DependOnSlot">true</Element>
                </Default>
                <Name name="local:output20byte201718">output byte 17</Name>
              </Parameter>
              <Parameter ParameterId="1880096787" type="localTypes:PDO_Information">
                <Attributes offlineaccess="readwrite" download="false" />
                <Default>
                  <Element name="Name">'output byte 17'</Element>
                  <Element name="DataType">'USINT'</Element>
                  <Element name="Comment">''</Element>
                </Default>
                <Name name="local:output20byte201718">output byte 17</Name>
              </Parameter>
            </ParameterSection>
            <ParameterSection>
              <Name name="local:output20byte201819">output byte 18</Name>
              <Parameter ParameterId="1879048212" type="localTypes:Entry">
                <Attributes offlineaccess="readwrite" download="true" />
                <Default>
                  <Element name="Index">16#7000</Element>
                  <Element name="SubIndex">19</Element>
                  <Element name="Size">8</Element>
                  <Element name="DependOnSlot">true</Element>
                </Default>
                <Name name="local:output20byte201819">output byte 18</Name>
              </Parameter>
              <Parameter ParameterId="1880096788" type="localTypes:PDO_Information">
                <Attributes offlineaccess="readwrite" download="false" />
                <Default>
                  <Element name="Name">'output byte 18'</Element>
                  <Element name="DataType">'USINT'</Element>
                  <Element name="Comment">''</Element>
                </Default>
                <Name name="local:output20byte201819">output byte 18</Name>
              </Parameter>
            </ParameterSection>
            <ParameterSection>
              <Name name="local:output20byte201920">output byte 19</Name>
              <Parameter ParameterId="1879048213" type="localTypes:Entry">
                <Attributes offlineaccess="readwrite" download="true" />
                <Default>
                  <Element name="Index">16#7000</Element>
                  <Element name="SubIndex">20</Element>
                  <Element name="Size">8</Element>
                  <Element name="DependOnSlot">true</Element>
                </Default>
                <Name name="local:output20byte201920">output byte 19</Name>
              </Parameter>
              <Parameter ParameterId="1880096789" type="localTypes:PDO_Information">
                <Attributes offlineaccess="readwrite" download="false" />
                <Default>
                  <Element name="Name">'output byte 19'</Element>
                  <Element name="DataType">'USINT'</Element>
                  <Element name="Comment">''</Element>
                </Default>
                <Name name="local:output20byte201920">output byte 19</Name>
              </Parameter>
            </ParameterSection>
            <ParameterSection>
              <Name name="local:output20byte202021">output byte 20</Name>
              <Parameter ParameterId="1879048214" type="localTypes:Entry">
                <Attributes offlineaccess="readwrite" download="true" />
                <Default>
                  <Element name="Index">16#7000</Element>
                  <Element name="SubIndex">21</Element>
                  <Element name="Size">8</Element>
                  <Element name="DependOnSlot">true</Element>
                </Default>
                <Name name="local:output20byte202021">output byte 20</Name>
              </Parameter>
              <Parameter ParameterId="1880096790" type="localTypes:PDO_Information">
                <Attributes offlineaccess="readwrite" download="false" />
                <Default>
                  <Element name="Name">'output byte 20'</Element>
                  <Element name="DataType">'USINT'</Element>
                  <Element name="Comment">''</Element>
                </Default>
                <Name name="local:output20byte202021">output byte 20</Name>
              </Parameter>
            </ParameterSection>
            <ParameterSection>
              <Name name="local:output20byte202122">output byte 21</Name>
              <Parameter ParameterId="1879048215" type="localTypes:Entry">
                <Attributes offlineaccess="readwrite" download="true" />
                <Default>
                  <Element name="Index">16#7000</Element>
                  <Element name="SubIndex">22</Element>
                  <Element name="Size">8</Element>
                  <Element name="DependOnSlot">true</Element>
                </Default>
                <Name name="local:output20byte202122">output byte 21</Name>
              </Parameter>
              <Parameter ParameterId="1880096791" type="localTypes:PDO_Information">
                <Attributes offlineaccess="readwrite" download="false" />
                <Default>
                  <Element name="Name">'output byte 21'</Element>
                  <Element name="DataType">'USINT'</Element>
                  <Element name="Comment">''</Element>
                </Default>
                <Name name="local:output20byte202122">output byte 21</Name>
              </Parameter>
            </ParameterSection>
            <ParameterSection>
              <Name name="local:output20byte202223">output byte 22</Name>
              <Parameter ParameterId="1879048216" type="localTypes:Entry">
                <Attributes offlineaccess="readwrite" download="true" />
                <Default>
                  <Element name="Index">16#7000</Element>
                  <Element name="SubIndex">23</Element>
                  <Element name="Size">8</Element>
                  <Element name="DependOnSlot">true</Element>
                </Default>
                <Name name="local:output20byte202223">output byte 22</Name>
              </Parameter>
              <Parameter ParameterId="1880096792" type="localTypes:PDO_Information">
                <Attributes offlineaccess="readwrite" download="false" />
                <Default>
                  <Element name="Name">'output byte 22'</Element>
                  <Element name="DataType">'USINT'</Element>
                  <Element name="Comment">''</Element>
                </Default>
                <Name name="local:output20byte202223">output byte 22</Name>
              </Parameter>
            </ParameterSection>
            <ParameterSection>
              <Name name="local:output20byte202324">output byte 23</Name>
              <Parameter ParameterId="1879048217" type="localTypes:Entry">
                <Attributes offlineaccess="readwrite" download="true" />
                <Default>
                  <Element name="Index">16#7000</Element>
                  <Element name="SubIndex">24</Element>
                  <Element name="Size">8</Element>
                  <Element name="DependOnSlot">true</Element>
                </Default>
                <Name name="local:output20byte202324">output byte 23</Name>
              </Parameter>
              <Parameter ParameterId="1880096793" type="localTypes:PDO_Information">
                <Attributes offlineaccess="readwrite" download="false" />
                <Default>
                  <Element name="Name">'output byte 23'</Element>
                  <Element name="DataType">'USINT'</Element>
                  <Element name="Comment">''</Element>
                </Default>
                <Name name="local:output20byte202324">output byte 23</Name>
              </Parameter>
            </ParameterSection>
            <ParameterSection>
              <Name name="local:output20byte202425">output byte 24</Name>
              <Parameter ParameterId="1879048218" type="localTypes:Entry">
                <Attributes offlineaccess="readwrite" download="true" />
                <Default>
                  <Element name="Index">16#7000</Element>
                  <Element name="SubIndex">25</Element>
                  <Element name="Size">8</Element>
                  <Element name="DependOnSlot">true</Element>
                </Default>
                <Name name="local:output20byte202425">output byte 24</Name>
              </Parameter>
              <Parameter ParameterId="1880096794" type="localTypes:PDO_Information">
                <Attributes offlineaccess="readwrite" download="false" />
                <Default>
                  <Element name="Name">'output byte 24'</Element>
                  <Element name="DataType">'USINT'</Element>
                  <Element name="Comment">''</Element>
                </Default>
                <Name name="local:output20byte202425">output byte 24</Name>
              </Parameter>
            </ParameterSection>
            <ParameterSection>
              <Name name="local:output20byte202526">output byte 25</Name>
              <Parameter ParameterId="1879048219" type="localTypes:Entry">
                <Attributes offlineaccess="readwrite" download="true" />
                <Default>
                  <Element name="Index">16#7000</Element>
                  <Element name="SubIndex">26</Element>
                  <Element name="Size">8</Element>
                  <Element name="DependOnSlot">true</Element>
                </Default>
                <Name name="local:output20byte202526">output byte 25</Name>
              </Parameter>
              <Parameter ParameterId="1880096795" type="localTypes:PDO_Information">
                <Attributes offlineaccess="readwrite" download="false" />
                <Default>
                  <Element name="Name">'output byte 25'</Element>
                  <Element name="DataType">'USINT'</Element>
                  <Element name="Comment">''</Element>
                </Default>
                <Name name="local:output20byte202526">output byte 25</Name>
              </Parameter>
            </ParameterSection>
            <ParameterSection>
              <Name name="local:output20byte202627">output byte 26</Name>
              <Parameter ParameterId="1879048220" type="localTypes:Entry">
                <Attributes offlineaccess="readwrite" download="true" />
                <Default>
                  <Element name="Index">16#7000</Element>
                  <Element name="SubIndex">27</Element>
                  <Element name="Size">8</Element>
                  <Element name="DependOnSlot">true</Element>
                </Default>
                <Name name="local:output20byte202627">output byte 26</Name>
              </Parameter>
              <Parameter ParameterId="1880096796" type="localTypes:PDO_Information">
                <Attributes offlineaccess="readwrite" download="false" />
                <Default>
                  <Element name="Name">'output byte 26'</Element>
                  <Element name="DataType">'USINT'</Element>
                  <Element name="Comment">''</Element>
                </Default>
                <Name name="local:output20byte202627">output byte 26</Name>
              </Parameter>
            </ParameterSection>
            <ParameterSection>
              <Name name="local:output20byte202728">output byte 27</Name>
              <Parameter ParameterId="1879048221" type="localTypes:Entry">
                <Attributes offlineaccess="readwrite" download="true" />
                <Default>
                  <Element name="Index">16#7000</Element>
                  <Element name="SubIndex">28</Element>
                  <Element name="Size">8</Element>
                  <Element name="DependOnSlot">true</Element>
                </Default>
                <Name name="local:output20byte202728">output byte 27</Name>
              </Parameter>
              <Parameter ParameterId="1880096797" type="localTypes:PDO_Information">
                <Attributes offlineaccess="readwrite" download="false" />
                <Default>
                  <Element name="Name">'output byte 27'</Element>
                  <Element name="DataType">'USINT'</Element>
                  <Element name="Comment">''</Element>
                </Default>
                <Name name="local:output20byte202728">output byte 27</Name>
              </Parameter>
            </ParameterSection>
            <ParameterSection>
              <Name name="local:output20byte202829">output byte 28</Name>
              <Parameter ParameterId="1879048222" type="localTypes:Entry">
                <Attributes offlineaccess="readwrite" download="true" />
                <Default>
                  <Element name="Index">16#7000</Element>
                  <Element name="SubIndex">29</Element>
                  <Element name="Size">8</Element>
                  <Element name="DependOnSlot">true</Element>
                </Default>
                <Name name="local:output20byte202829">output byte 28</Name>
              </Parameter>
              <Parameter ParameterId="1880096798" type="localTypes:PDO_Information">
                <Attributes offlineaccess="readwrite" download="false" />
                <Default>
                  <Element name="Name">'output byte 28'</Element>
                  <Element name="DataType">'USINT'</Element>
                  <Element name="Comment">''</Element>
                </Default>
                <Name name="local:output20byte202829">output byte 28</Name>
              </Parameter>
            </ParameterSection>
            <ParameterSection>
              <Name name="local:output20byte202930">output byte 29</Name>
              <Parameter ParameterId="1879048223" type="localTypes:Entry">
                <Attributes offlineaccess="readwrite" download="true" />
                <Default>
                  <Element name="Index">16#7000</Element>
                  <Element name="SubIndex">30</Element>
                  <Element name="Size">8</Element>
                  <Element name="DependOnSlot">true</Element>
                </Default>
                <Name name="local:output20byte202930">output byte 29</Name>
              </Parameter>
              <Parameter ParameterId="1880096799" type="localTypes:PDO_Information">
                <Attributes offlineaccess="readwrite" download="false" />
                <Default>
                  <Element name="Name">'output byte 29'</Element>
                  <Element name="DataType">'USINT'</Element>
                  <Element name="Comment">''</Element>
                </Default>
                <Name name="local:output20byte202930">output byte 29</Name>
              </Parameter>
            </ParameterSection>
            <ParameterSection>
              <Name name="local:output20byte203031">output byte 30</Name>
              <Parameter ParameterId="1879048224" type="localTypes:Entry">
                <Attributes offlineaccess="readwrite" download="true" />
                <Default>
                  <Element name="Index">16#7000</Element>
                  <Element name="SubIndex">31</Element>
                  <Element name="Size">8</Element>
                  <Element name="DependOnSlot">true</Element>
                </Default>
                <Name name="local:output20byte203031">output byte 30</Name>
              </Parameter>
              <Parameter ParameterId="1880096800" type="localTypes:PDO_Information">
                <Attributes offlineaccess="readwrite" download="false" />
                <Default>
                  <Element name="Name">'output byte 30'</Element>
                  <Element name="DataType">'USINT'</Element>
                  <Element name="Comment">''</Element>
                </Default>
                <Name name="local:output20byte203031">output byte 30</Name>
              </Parameter>
            </ParameterSection>
            <ParameterSection>
              <Name name="local:output20byte203132">output byte 31</Name>
              <Parameter ParameterId="1879048225" type="localTypes:Entry">
                <Attributes offlineaccess="readwrite" download="true" />
                <Default>
                  <Element name="Index">16#7000</Element>
                  <Element name="SubIndex">32</Element>
                  <Element name="Size">8</Element>
                  <Element name="DependOnSlot">true</Element>
                </Default>
                <Name name="local:output20byte203132">output byte 31</Name>
              </Parameter>
              <Parameter ParameterId="1880096801" type="localTypes:PDO_Information">
                <Attributes offlineaccess="readwrite" download="false" />
                <Default>
                  <Element name="Name">'output byte 31'</Element>
                  <Element name="DataType">'USINT'</Element>
                  <Element name="Comment">''</Element>
                </Default>
                <Name name="local:output20byte203132">output byte 31</Name>
              </Parameter>
            </ParameterSection>
            <Parameter ParameterId="1879048192" type="localTypes:RxTxPdo">
              <Attributes offlineaccess="readwrite" download="true" />
              <Default>
                <Element name="NumberofExcludes">0</Element>
                <Element name="NumberofEntries">32</Element>
                <Element name="Index">16#1600</Element>
                <Element name="Name">'RxPDO'</Element>
                <Element name="Fixed">FALSE</Element>
                <Element name="Mandatory">FALSE</Element>
                <Element name="Virtual">FALSE</Element>
                <Element name="Sm">2</Element>
                <Element name="Su">0</Element>
                <Element name="DependOnSlot">true</Element>
              </Default>
              <Name name="local:RxTxPdo">RxTxPdo</Name>
            </Parameter>
          </ParameterSection>
        </ParameterSection>
        <ParameterSection>
          <Name name="local:TxPDO">TxPDO</Name>
          <Parameter ParameterId="1342636032" type="std:DWORD">
            <Attributes download="true" functional="false" />
            <Default>0</Default>
            <Name name="local:Parameter_NumberOfTx">Number of TxPDOs of the Slave</Name>
            <Description name="local:Parameter_NumberOfTx">Number of TxPDOs of the Slave</Description>
          </Parameter>
        </ParameterSection>
        <ParameterSection>
          <Name name="local:SDOs">SDOs</Name>
          <Parameter ParameterId="1627389952" type="std:UINT">
            <Attributes download="true" functional="false" />
            <Default>3</Default>
            <Name name="local:Parameter_Number_Of_SDO">Number of SDO</Name>
            <Description name="local:Parameter_Number_Of_SDO">Number of SDO</Description>
          </Parameter>
          <Parameter ParameterId="1627394048" type="localTypes:Struct_SDOParameters">
            <Attributes download="true" functional="false" />
            <Default>
              <Element name="Index">16#8000</Element>
              <Element name="Subindex">16#24</Element>
              <Element name="Value">0</Element>
              <Element name="Size">8</Element>
              <Element name="AbortIfError">FALSE</Element>
              <Element name="JumpToLine">FALSE</Element>
              <Element name="Line">0</Element>
              <Element name="DependOnSlot">True</Element>
              <Element name="CompleteAccess">False</Element>
              <Element name="Transition">0</Element>
            </Default>
            <Name name="local:Name0">Command_0</Name>
            <Description name="local:Comment0">Command_0</Description>
          </Parameter>
          <Parameter ParameterId="1627394049" type="localTypes:Struct_SDOParameters">
            <Attributes download="true" functional="false" />
            <Default>
              <Element name="Index">16#8000</Element>
              <Element name="Subindex">16#25</Element>
              <Element name="Value">159</Element>
              <Element name="Size">8</Element>
              <Element name="AbortIfError">FALSE</Element>
              <Element name="JumpToLine">FALSE</Element>
              <Element name="Line">0</Element>
              <Element name="DependOnSlot">True</Element>
              <Element name="CompleteAccess">False</Element>
              <Element name="Transition">0</Element>
            </Default>
            <Name name="local:Name1">Command_1</Name>
            <Description name="local:Comment1">Command_1</Description>
          </Parameter>
          <Parameter ParameterId="1627394050" type="localTypes:Struct_SDOParameters">
            <Attributes download="true" functional="false" />
            <Default>
              <Element name="Index">16#8000</Element>
              <Element name="Subindex">16#28</Element>
              <Element name="Value">3</Element>
              <Element name="Size">16</Element>
              <Element name="AbortIfError">FALSE</Element>
              <Element name="JumpToLine">FALSE</Element>
              <Element name="Line">0</Element>
              <Element name="DependOnSlot">True</Element>
              <Element name="CompleteAccess">False</Element>
              <Element name="Transition">0</Element>
            </Default>
            <Name name="local:Name2">Command_2</Name>
            <Description name="local:Comment2">Command_2</Description>
          </Parameter>
        </ParameterSection>
      </HostParameterSet>
      <Appearance>
        <ShowEditor>EthercatSDOEditorPage</ShowEditor>
        <ShowEditor>DeviceInformation</ShowEditor>
        <ShowEditor>IoMappingEditor</ShowEditor>
      </Appearance>
    </Connector>
  </Device>
  <ImportPluginVersion>3.5.0.0</ImportPluginVersion>
</DeviceDescription>