{
    "authenticationRealms": [
        {
            "canCreateInitialUser": false,
            "configuration": {},
            "description": "Authentication realm using an internal SQLite database.",
            "displayName": "Internal User Database",
            "enabled": true,
            "libraryPath": "auth_sqlite",
            "name": "internal",
            "priority": 0
        }
    ],
    "extensions": [
        {
            "configuration": {},
            "description": null,
            "enabled": true,
            "libraryPath": "internal:simulation",
            "name": "Internal",
            "type": "io"
        },
        {
            "configuration": {
                "auth.password": "Equinotec2024",
                "auth.user": "boschrexroth",
                "certificate_verification_mode": "all",
                "endpoint_url": "opc.tcp://ctrlX-CORE:4840",
                "security.message_security_mode": "none",
                "security.security_policy": "none"
            },
            "description": null,
            "enabled": true,
            "libraryPath": "ioHandlerOPC",
            "name": "ctrlXCore",
            "type": "io"
        }
    ],
    "version": 0
}