{
    "items": [
        {
            "accessGroup": null,
            "alias": "DSaw",
            "attributes": {},
            "description": null,
            "displayLimits": {
                "lower": 0,
                "upper": 150
            },
            "flags": {
                "discrete": false
            },
            "interval": 100,
            "ioSource": "Internal",
            "label": null,
            "locks": [],
            "numberOfDecimals": null,
            "plcIdentifier": {
                "namespace": null,
                "node": "DSaw"
            },
            "prewarnLimits": null,
            "recordingThreshold": null,
            "step": 0,
            "tolerances": null,
            "trendDisplayLimits": null,
            "unit": null,
            "updateFunction": null,
            "warnLimits": null
        },
        {
            "accessGroup": null,
            "alias": "DSin",
            "attributes": {},
            "description": null,
            "displayLimits": {
                "lower": -100,
                "upper": 100
            },
            "flags": {
                "discrete": false
            },
            "interval": 100,
            "ioSource": "Internal",
            "label": null,
            "locks": [],
            "numberOfDecimals": 2,
            "plcIdentifier": {
                "namespace": null,
                "node": "DSin"
            },
            "prewarnLimits": null,
            "recordingThreshold": null,
            "step": 0,
            "tolerances": null,
            "trendDisplayLimits": null,
            "unit": null,
            "updateFunction": null,
            "warnLimits": null
        },
        {
            "accessGroup": null,
            "alias": "DRandBool",
            "attributes": {},
            "description": null,
            "displayLimits": null,
            "flags": {
                "discrete": false
            },
            "interval": 100,
            "ioSource": "Internal",
            "label": null,
            "locks": [],
            "numberOfDecimals": null,
            "plcIdentifier": {
                "namespace": null,
                "node": "DRandBool"
            },
            "prewarnLimits": null,
            "recordingThreshold": null,
            "step": 0,
            "tolerances": null,
            "trendDisplayLimits": null,
            "unit": null,
            "updateFunction": null,
            "warnLimits": null
        },
        {
            "accessGroup": null,
            "alias": "DRandInt",
            "attributes": {},
            "description": null,
            "displayLimits": {
                "lower": 0,
                "upper": 100
            },
            "flags": {
                "discrete": false
            },
            "interval": 100,
            "ioSource": "Internal",
            "label": null,
            "locks": [],
            "numberOfDecimals": null,
            "plcIdentifier": {
                "namespace": null,
                "node": "DRandInt"
            },
            "prewarnLimits": null,
            "recordingThreshold": null,
            "step": 0,
            "tolerances": null,
            "trendDisplayLimits": null,
            "unit": null,
            "updateFunction": null,
            "warnLimits": null
        },
        {
            "accessGroup": null,
            "alias": "DRandFloat",
            "attributes": {},
            "description": null,
            "displayLimits": {
                "lower": 0,
                "upper": 100
            },
            "flags": {
                "discrete": false
            },
            "interval": 100,
            "ioSource": "Internal",
            "label": null,
            "locks": [],
            "numberOfDecimals": null,
            "plcIdentifier": {
                "namespace": null,
                "node": "DRandFloat"
            },
            "prewarnLimits": null,
            "recordingThreshold": null,
            "step": 0,
            "tolerances": null,
            "trendDisplayLimits": null,
            "unit": null,
            "updateFunction": null,
            "warnLimits": null
        },
        {
            "accessGroup": null,
            "alias": "Systemzeit",
            "attributes": {},
            "description": null,
            "displayLimits": null,
            "flags": {
                "discrete": false
            },
            "interval": 250,
            "ioSource": "Internal",
            "label": null,
            "locks": [],
            "numberOfDecimals": null,
            "plcIdentifier": {
                "namespace": null,
                "node": "Systemzeit"
            },
            "prewarnLimits": null,
            "recordingThreshold": null,
            "step": 0,
            "tolerances": null,
            "trendDisplayLimits": null,
            "unit": null,
            "updateFunction": null,
            "warnLimits": null
        },
        {
            "accessGroup": null,
            "alias": "SBool",
            "attributes": {},
            "description": null,
            "displayLimits": {
                "lower": 0,
                "upper": 1
            },
            "flags": {
                "discrete": false
            },
            "interval": 100,
            "ioSource": "Internal",
            "label": null,
            "locks": [],
            "numberOfDecimals": null,
            "plcIdentifier": {
                "namespace": null,
                "node": "SBool"
            },
            "prewarnLimits": null,
            "recordingThreshold": null,
            "step": 0,
            "tolerances": null,
            "trendDisplayLimits": null,
            "unit": null,
            "updateFunction": null,
            "warnLimits": null
        },
        {
            "accessGroup": null,
            "alias": "SInt",
            "attributes": {},
            "description": null,
            "displayLimits": {
                "lower": 0,
                "upper": 100
            },
            "flags": {
                "discrete": false
            },
            "interval": 100,
            "ioSource": "Internal",
            "label": null,
            "locks": [],
            "numberOfDecimals": null,
            "plcIdentifier": {
                "namespace": null,
                "node": "SInt"
            },
            "prewarnLimits": null,
            "recordingThreshold": null,
            "step": 0,
            "tolerances": null,
            "trendDisplayLimits": null,
            "unit": null,
            "updateFunction": null,
            "warnLimits": null
        },
        {
            "accessGroup": null,
            "alias": "SFloat",
            "attributes": {},
            "description": null,
            "displayLimits": {
                "lower": 0,
                "upper": 100
            },
            "flags": {
                "discrete": false
            },
            "interval": 100,
            "ioSource": "Internal",
            "label": null,
            "locks": [],
            "numberOfDecimals": null,
            "plcIdentifier": {
                "namespace": null,
                "node": "SFloat"
            },
            "prewarnLimits": null,
            "recordingThreshold": null,
            "step": 0,
            "tolerances": null,
            "trendDisplayLimits": null,
            "unit": null,
            "updateFunction": null,
            "warnLimits": null
        },
        {
            "accessGroup": null,
            "alias": "SString",
            "attributes": {},
            "description": null,
            "displayLimits": null,
            "flags": {
                "discrete": false
            },
            "interval": 100,
            "ioSource": "Internal",
            "label": null,
            "locks": [],
            "numberOfDecimals": null,
            "plcIdentifier": {
                "namespace": null,
                "node": "SString"
            },
            "prewarnLimits": null,
            "recordingThreshold": null,
            "step": 0,
            "tolerances": null,
            "trendDisplayLimits": null,
            "unit": null,
            "updateFunction": null,
            "warnLimits": null
        },
        {
            "accessGroup": null,
            "alias": "timePassed",
            "attributes": {},
            "description": null,
            "displayLimits": null,
            "flags": {
                "discrete": false
            },
            "interval": 100,
            "ioSource": "ctrlXCore",
            "label": null,
            "locks": [],
            "numberOfDecimals": null,
            "plcIdentifier": {
                "namespace": 2,
                "node": "plc/app/Application/sym/PLCAUX_PRG/timePassed"
            },
            "prewarnLimits": null,
            "recordingThreshold": null,
            "step": 0,
            "tolerances": null,
            "trendDisplayLimits": null,
            "unit": null,
            "updateFunction": null,
            "warnLimits": null
        },
        {
            "accessGroup": null,
            "alias": "LED2",
            "attributes": {},
            "description": null,
            "displayLimits": null,
            "flags": {
                "discrete": false
            },
            "interval": 100,
            "ioSource": "ctrlXCore",
            "label": null,
            "locks": [],
            "numberOfDecimals": null,
            "plcIdentifier": {
                "namespace": 2,
                "node": "plc/app/Application/sym/PLCAUX_PRG/LED2"
            },
            "prewarnLimits": null,
            "recordingThreshold": null,
            "step": 0,
            "tolerances": null,
            "trendDisplayLimits": null,
            "unit": null,
            "updateFunction": null,
            "warnLimits": null
        },
        {
            "accessGroup": null,
            "alias": "Button1",
            "attributes": {},
            "description": null,
            "displayLimits": null,
            "flags": {
                "discrete": false
            },
            "interval": 100,
            "ioSource": "ctrlXCore",
            "label": null,
            "locks": [],
            "numberOfDecimals": null,
            "plcIdentifier": {
                "namespace": 2,
                "node": "plc/app/Application/sym/PLCAUX_PRG/Button1"
            },
            "prewarnLimits": null,
            "recordingThreshold": null,
            "step": 0,
            "tolerances": null,
            "trendDisplayLimits": null,
            "unit": null,
            "updateFunction": null,
            "warnLimits": null
        },
        {
            "accessGroup": null,
            "alias": "textVar1",
            "attributes": {},
            "description": null,
            "displayLimits": null,
            "flags": {
                "discrete": false
            },
            "interval": 100,
            "ioSource": "ctrlXCore",
            "label": null,
            "locks": [],
            "numberOfDecimals": null,
            "plcIdentifier": {
                "namespace": 2,
                "node": "plc/app/Application/sym/PLC_PRG/textVar1"
            },
            "prewarnLimits": null,
            "recordingThreshold": null,
            "step": 0,
            "tolerances": null,
            "trendDisplayLimits": null,
            "unit": null,
            "updateFunction": null,
            "warnLimits": null
        },
        {
            "accessGroup": null,
            "alias": "intVar1",
            "attributes": {},
            "description": null,
            "displayLimits": null,
            "flags": {
                "discrete": false
            },
            "interval": 100,
            "ioSource": "ctrlXCore",
            "label": null,
            "locks": [],
            "numberOfDecimals": null,
            "plcIdentifier": {
                "namespace": 2,
                "node": "plc/app/Application/sym/PLC_PRG/intVar1"
            },
            "prewarnLimits": null,
            "recordingThreshold": null,
            "step": 0,
            "tolerances": null,
            "trendDisplayLimits": null,
            "unit": null,
            "updateFunction": null,
            "warnLimits": null
        },
        {
            "accessGroup": null,
            "alias": "iCounter",
            "attributes": {},
            "description": null,
            "displayLimits": null,
            "flags": {
                "discrete": false
            },
            "interval": 100,
            "ioSource": "ctrlXCore",
            "label": null,
            "locks": [],
            "numberOfDecimals": null,
            "plcIdentifier": {
                "namespace": 2,
                "node": "plc/app/Application/sym/PLC_PRG/iCounter"
            },
            "prewarnLimits": null,
            "recordingThreshold": null,
            "step": 0,
            "tolerances": null,
            "trendDisplayLimits": null,
            "unit": null,
            "updateFunction": null,
            "warnLimits": null
        },
        {
            "accessGroup": null,
            "alias": "boolVar2",
            "attributes": {},
            "description": null,
            "displayLimits": null,
            "flags": {
                "discrete": false
            },
            "interval": 100,
            "ioSource": "ctrlXCore",
            "label": null,
            "locks": [],
            "numberOfDecimals": null,
            "plcIdentifier": {
                "namespace": 2,
                "node": "plc/app/Application/sym/PLC_PRG/boolVar2"
            },
            "prewarnLimits": null,
            "recordingThreshold": null,
            "step": 0,
            "tolerances": null,
            "trendDisplayLimits": null,
            "unit": null,
            "updateFunction": null,
            "warnLimits": null
        },
        {
            "accessGroup": null,
            "alias": "boolVar1",
            "attributes": {},
            "description": null,
            "displayLimits": null,
            "flags": {
                "discrete": false
            },
            "interval": 100,
            "ioSource": "ctrlXCore",
            "label": null,
            "locks": [],
            "numberOfDecimals": null,
            "plcIdentifier": {
                "namespace": 2,
                "node": "plc/app/Application/sym/PLC_PRG/boolVar1"
            },
            "prewarnLimits": null,
            "recordingThreshold": null,
            "step": 0,
            "tolerances": null,
            "trendDisplayLimits": null,
            "unit": null,
            "updateFunction": null,
            "warnLimits": null
        },
        {
            "accessGroup": null,
            "alias": "timerPreset",
            "attributes": {},
            "description": null,
            "displayLimits": null,
            "flags": {
                "discrete": false
            },
            "interval": 100,
            "ioSource": "ctrlXCore",
            "label": null,
            "locks": [],
            "numberOfDecimals": null,
            "plcIdentifier": {
                "namespace": 2,
                "node": "plc/app/Application/sym/PLCAUX_PRG/timerPreset"
            },
            "prewarnLimits": null,
            "recordingThreshold": null,
            "step": 0,
            "tolerances": null,
            "trendDisplayLimits": null,
            "unit": null,
            "updateFunction": null,
            "warnLimits": null
        },
        {
            "accessGroup": null,
            "alias": "Button2",
            "attributes": {},
            "description": null,
            "displayLimits": null,
            "flags": {
                "discrete": false
            },
            "interval": 100,
            "ioSource": "ctrlXCore",
            "label": null,
            "locks": [],
            "numberOfDecimals": null,
            "plcIdentifier": {
                "namespace": 2,
                "node": "plc/app/Application/sym/PLCAUX_PRG/Button2"
            },
            "prewarnLimits": null,
            "recordingThreshold": null,
            "step": 0,
            "tolerances": null,
            "trendDisplayLimits": null,
            "unit": null,
            "updateFunction": null,
            "warnLimits": null
        },
        {
            "accessGroup": null,
            "alias": "LED1",
            "attributes": {},
            "description": null,
            "displayLimits": null,
            "flags": {
                "discrete": false
            },
            "interval": 100,
            "ioSource": "ctrlXCore",
            "label": null,
            "locks": [],
            "numberOfDecimals": null,
            "plcIdentifier": {
                "namespace": 2,
                "node": "plc/app/Application/sym/PLCAUX_PRG/LED1"
            },
            "prewarnLimits": null,
            "recordingThreshold": null,
            "step": 0,
            "tolerances": null,
            "trendDisplayLimits": null,
            "unit": null,
            "updateFunction": null,
            "warnLimits": null
        },
        {
            "accessGroup": null,
            "alias": "timePassed1",
            "attributes": {},
            "description": null,
            "displayLimits": null,
            "flags": {
                "discrete": false
            },
            "interval": 100,
            "ioSource": "ctrlXCore",
            "label": null,
            "locks": [],
            "numberOfDecimals": null,
            "plcIdentifier": {
                "namespace": 2,
                "node": "plc/app/Application/sym/PLCAUX_PRG/timePassed1"
            },
            "prewarnLimits": null,
            "recordingThreshold": null,
            "step": 0,
            "tolerances": null,
            "trendDisplayLimits": null,
            "unit": null,
            "updateFunction": null,
            "warnLimits": null
        },
        {
            "accessGroup": null,
            "alias": "timePassed2",
            "attributes": {},
            "description": null,
            "displayLimits": null,
            "flags": {
                "discrete": false
            },
            "interval": 100,
            "ioSource": "ctrlXCore",
            "label": null,
            "locks": [],
            "numberOfDecimals": null,
            "plcIdentifier": {
                "namespace": 2,
                "node": "plc/app/Application/sym/PLCAUX_PRG/timePassed2"
            },
            "prewarnLimits": null,
            "recordingThreshold": null,
            "step": 0,
            "tolerances": null,
            "trendDisplayLimits": null,
            "unit": null,
            "updateFunction": null,
            "warnLimits": null
        },
        {
            "accessGroup": null,
            "alias": "inputs.inputs[1]",
            "attributes": {},
            "description": null,
            "displayLimits": null,
            "flags": {
                "discrete": false
            },
            "interval": 100,
            "ioSource": "ctrlXCore",
            "label": null,
            "locks": [],
            "numberOfDecimals": null,
            "plcIdentifier": {
                "namespace": 2,
                "node": "plc/app/Application/sym/PLC_CASCADEOUT_PRG/inputs/1"
            },
            "prewarnLimits": null,
            "recordingThreshold": null,
            "step": 0,
            "tolerances": null,
            "trendDisplayLimits": null,
            "unit": null,
            "updateFunction": null,
            "warnLimits": null
        },
        {
            "accessGroup": null,
            "alias": "inputs.inputs[2]",
            "attributes": {},
            "description": null,
            "displayLimits": null,
            "flags": {
                "discrete": false
            },
            "interval": 100,
            "ioSource": "ctrlXCore",
            "label": null,
            "locks": [],
            "numberOfDecimals": null,
            "plcIdentifier": {
                "namespace": 2,
                "node": "plc/app/Application/sym/PLC_CASCADEOUT_PRG/inputs/2"
            },
            "prewarnLimits": null,
            "recordingThreshold": null,
            "step": 0,
            "tolerances": null,
            "trendDisplayLimits": null,
            "unit": null,
            "updateFunction": null,
            "warnLimits": null
        },
        {
            "accessGroup": null,
            "alias": "inputs.inputs[3]",
            "attributes": {},
            "description": null,
            "displayLimits": null,
            "flags": {
                "discrete": false
            },
            "interval": 100,
            "ioSource": "ctrlXCore",
            "label": null,
            "locks": [],
            "numberOfDecimals": null,
            "plcIdentifier": {
                "namespace": 2,
                "node": "plc/app/Application/sym/PLC_CASCADEOUT_PRG/inputs/3"
            },
            "prewarnLimits": null,
            "recordingThreshold": null,
            "step": 0,
            "tolerances": null,
            "trendDisplayLimits": null,
            "unit": null,
            "updateFunction": null,
            "warnLimits": null
        },
        {
            "accessGroup": null,
            "alias": "inputs.inputs[4]",
            "attributes": {},
            "description": null,
            "displayLimits": null,
            "flags": {
                "discrete": false
            },
            "interval": 100,
            "ioSource": "ctrlXCore",
            "label": null,
            "locks": [],
            "numberOfDecimals": null,
            "plcIdentifier": {
                "namespace": 2,
                "node": "plc/app/Application/sym/PLC_CASCADEOUT_PRG/inputs/4"
            },
            "prewarnLimits": null,
            "recordingThreshold": null,
            "step": 0,
            "tolerances": null,
            "trendDisplayLimits": null,
            "unit": null,
            "updateFunction": null,
            "warnLimits": null
        },
        {
            "accessGroup": null,
            "alias": "inputs.inputs[5]",
            "attributes": {},
            "description": null,
            "displayLimits": null,
            "flags": {
                "discrete": false
            },
            "interval": 100,
            "ioSource": "ctrlXCore",
            "label": null,
            "locks": [],
            "numberOfDecimals": null,
            "plcIdentifier": {
                "namespace": 2,
                "node": "plc/app/Application/sym/PLC_CASCADEOUT_PRG/inputs/5"
            },
            "prewarnLimits": null,
            "recordingThreshold": null,
            "step": 0,
            "tolerances": null,
            "trendDisplayLimits": null,
            "unit": null,
            "updateFunction": null,
            "warnLimits": null
        },
        {
            "accessGroup": null,
            "alias": "inputs.inputs[6]",
            "attributes": {},
            "description": null,
            "displayLimits": null,
            "flags": {
                "discrete": false
            },
            "interval": 100,
            "ioSource": "ctrlXCore",
            "label": null,
            "locks": [],
            "numberOfDecimals": null,
            "plcIdentifier": {
                "namespace": 2,
                "node": "plc/app/Application/sym/PLC_CASCADEOUT_PRG/inputs/6"
            },
            "prewarnLimits": null,
            "recordingThreshold": null,
            "step": 0,
            "tolerances": null,
            "trendDisplayLimits": null,
            "unit": null,
            "updateFunction": null,
            "warnLimits": null
        },
        {
            "accessGroup": null,
            "alias": "inputs.inputs[7]",
            "attributes": {},
            "description": null,
            "displayLimits": null,
            "flags": {
                "discrete": false
            },
            "interval": 100,
            "ioSource": "ctrlXCore",
            "label": null,
            "locks": [],
            "numberOfDecimals": null,
            "plcIdentifier": {
                "namespace": 2,
                "node": "plc/app/Application/sym/PLC_CASCADEOUT_PRG/inputs/7"
            },
            "prewarnLimits": null,
            "recordingThreshold": null,
            "step": 0,
            "tolerances": null,
            "trendDisplayLimits": null,
            "unit": null,
            "updateFunction": null,
            "warnLimits": null
        },
        {
            "accessGroup": null,
            "alias": "inputs.inputs[8]",
            "attributes": {},
            "description": null,
            "displayLimits": null,
            "flags": {
                "discrete": false
            },
            "interval": 100,
            "ioSource": "ctrlXCore",
            "label": null,
            "locks": [],
            "numberOfDecimals": null,
            "plcIdentifier": {
                "namespace": 2,
                "node": "plc/app/Application/sym/PLC_CASCADEOUT_PRG/inputs/8"
            },
            "prewarnLimits": null,
            "recordingThreshold": null,
            "step": 0,
            "tolerances": null,
            "trendDisplayLimits": null,
            "unit": null,
            "updateFunction": null,
            "warnLimits": null
        },
        {
            "accessGroup": null,
            "alias": "outputs.outputs[1]",
            "attributes": {},
            "description": null,
            "displayLimits": null,
            "flags": {
                "discrete": false
            },
            "interval": 100,
            "ioSource": "ctrlXCore",
            "label": null,
            "locks": [],
            "numberOfDecimals": null,
            "plcIdentifier": {
                "namespace": 2,
                "node": "plc/app/Application/sym/PLC_CASCADEOUT_PRG/outputs/1"
            },
            "prewarnLimits": null,
            "recordingThreshold": null,
            "step": 0,
            "tolerances": null,
            "trendDisplayLimits": null,
            "unit": null,
            "updateFunction": null,
            "warnLimits": null
        },
        {
            "accessGroup": null,
            "alias": "outputs.outputs[2]",
            "attributes": {},
            "description": null,
            "displayLimits": null,
            "flags": {
                "discrete": false
            },
            "interval": 100,
            "ioSource": "ctrlXCore",
            "label": null,
            "locks": [],
            "numberOfDecimals": null,
            "plcIdentifier": {
                "namespace": 2,
                "node": "plc/app/Application/sym/PLC_CASCADEOUT_PRG/outputs/2"
            },
            "prewarnLimits": null,
            "recordingThreshold": null,
            "step": 0,
            "tolerances": null,
            "trendDisplayLimits": null,
            "unit": null,
            "updateFunction": null,
            "warnLimits": null
        },
        {
            "accessGroup": null,
            "alias": "outputs.outputs[3]",
            "attributes": {},
            "description": null,
            "displayLimits": null,
            "flags": {
                "discrete": false
            },
            "interval": 100,
            "ioSource": "ctrlXCore",
            "label": null,
            "locks": [],
            "numberOfDecimals": null,
            "plcIdentifier": {
                "namespace": 2,
                "node": "plc/app/Application/sym/PLC_CASCADEOUT_PRG/outputs/3"
            },
            "prewarnLimits": null,
            "recordingThreshold": null,
            "step": 0,
            "tolerances": null,
            "trendDisplayLimits": null,
            "unit": null,
            "updateFunction": null,
            "warnLimits": null
        },
        {
            "accessGroup": null,
            "alias": "outputs.outputs[4]",
            "attributes": {},
            "description": null,
            "displayLimits": null,
            "flags": {
                "discrete": false
            },
            "interval": 100,
            "ioSource": "ctrlXCore",
            "label": null,
            "locks": [],
            "numberOfDecimals": null,
            "plcIdentifier": {
                "namespace": 2,
                "node": "plc/app/Application/sym/PLC_CASCADEOUT_PRG/outputs/4"
            },
            "prewarnLimits": null,
            "recordingThreshold": null,
            "step": 0,
            "tolerances": null,
            "trendDisplayLimits": null,
            "unit": null,
            "updateFunction": null,
            "warnLimits": null
        },
        {
            "accessGroup": null,
            "alias": "outputs.outputs[5]",
            "attributes": {},
            "description": null,
            "displayLimits": null,
            "flags": {
                "discrete": false
            },
            "interval": 100,
            "ioSource": "ctrlXCore",
            "label": null,
            "locks": [],
            "numberOfDecimals": null,
            "plcIdentifier": {
                "namespace": 2,
                "node": "plc/app/Application/sym/PLC_CASCADEOUT_PRG/outputs/5"
            },
            "prewarnLimits": null,
            "recordingThreshold": null,
            "step": 0,
            "tolerances": null,
            "trendDisplayLimits": null,
            "unit": null,
            "updateFunction": null,
            "warnLimits": null
        },
        {
            "accessGroup": null,
            "alias": "outputs.outputs[6]",
            "attributes": {},
            "description": null,
            "displayLimits": null,
            "flags": {
                "discrete": false
            },
            "interval": 100,
            "ioSource": "ctrlXCore",
            "label": null,
            "locks": [],
            "numberOfDecimals": null,
            "plcIdentifier": {
                "namespace": 2,
                "node": "plc/app/Application/sym/PLC_CASCADEOUT_PRG/outputs/6"
            },
            "prewarnLimits": null,
            "recordingThreshold": null,
            "step": 0,
            "tolerances": null,
            "trendDisplayLimits": null,
            "unit": null,
            "updateFunction": null,
            "warnLimits": null
        },
        {
            "accessGroup": null,
            "alias": "outputs.outputs[7]",
            "attributes": {},
            "description": null,
            "displayLimits": null,
            "flags": {
                "discrete": false
            },
            "interval": 100,
            "ioSource": "ctrlXCore",
            "label": null,
            "locks": [],
            "numberOfDecimals": null,
            "plcIdentifier": {
                "namespace": 2,
                "node": "plc/app/Application/sym/PLC_CASCADEOUT_PRG/outputs/7"
            },
            "prewarnLimits": null,
            "recordingThreshold": null,
            "step": 0,
            "tolerances": null,
            "trendDisplayLimits": null,
            "unit": null,
            "updateFunction": null,
            "warnLimits": null
        },
        {
            "accessGroup": null,
            "alias": "outputs.outputs[8]",
            "attributes": {},
            "description": null,
            "displayLimits": null,
            "flags": {
                "discrete": false
            },
            "interval": 100,
            "ioSource": "ctrlXCore",
            "label": null,
            "locks": [],
            "numberOfDecimals": null,
            "plcIdentifier": {
                "namespace": 2,
                "node": "plc/app/Application/sym/PLC_CASCADEOUT_PRG/outputs/8"
            },
            "prewarnLimits": null,
            "recordingThreshold": null,
            "step": 0,
            "tolerances": null,
            "trendDisplayLimits": null,
            "unit": null,
            "updateFunction": null,
            "warnLimits": null
        },
        {
            "accessGroup": null,
            "alias": "timerPresetCascade",
            "attributes": {},
            "description": null,
            "displayLimits": null,
            "flags": {
                "discrete": false
            },
            "interval": 100,
            "ioSource": "ctrlXCore",
            "label": null,
            "locks": [],
            "numberOfDecimals": null,
            "plcIdentifier": {
                "namespace": 2,
                "node": "plc/app/Application/sym/PLC_CASCADEOUT_PRG/timerPreset"
            },
            "prewarnLimits": null,
            "recordingThreshold": null,
            "step": 0,
            "tolerances": null,
            "trendDisplayLimits": null,
            "unit": null,
            "updateFunction": null,
            "warnLimits": null
        },
        {
            "accessGroup": null,
            "alias": "masterInput",
            "attributes": {},
            "description": "",
            "displayLimits": null,
            "flags": {
                "discrete": false
            },
            "interval": 100,
            "ioSource": "ctrlXCore",
            "label": null,
            "locks": [],
            "numberOfDecimals": null,
            "plcIdentifier": {
                "namespace": 2,
                "node": "plc/app/Application/sym/PLC_CASCADEOUT_PRG/masterInput"
            },
            "prewarnLimits": null,
            "recordingThreshold": null,
            "step": 0,
            "tolerances": null,
            "trendDisplayLimits": null,
            "unit": null,
            "updateFunction": null,
            "warnLimits": null
        }
    ],
    "methods": [],
    "simulationVariables": [
        {
            "dataType": "i32",
            "description": null,
            "function": "triangle",
            "initialValue": 1,
            "interval": 100,
            "limits": {
                "lower": 0,
                "upper": 150
            },
            "parameters": [],
            "persistent": false,
            "plcIdentifier": {
                "namespace": null,
                "node": "DSaw"
            }
        },
        {
            "dataType": "float",
            "description": null,
            "function": "sine",
            "initialValue": 0,
            "interval": 100,
            "limits": {
                "lower": -100.0,
                "upper": 100.0
            },
            "parameters": [
                1
            ],
            "persistent": false,
            "plcIdentifier": {
                "namespace": null,
                "node": "DSin"
            }
        },
        {
            "dataType": "boolean",
            "description": null,
            "function": "random",
            "initialValue": false,
            "interval": 100,
            "limits": {
                "lower": false,
                "upper": true
            },
            "parameters": [],
            "persistent": false,
            "plcIdentifier": {
                "namespace": null,
                "node": "DRandBool"
            }
        },
        {
            "dataType": "i32",
            "description": null,
            "function": "random",
            "initialValue": 0,
            "interval": 100,
            "limits": {
                "lower": 0,
                "upper": 100
            },
            "parameters": [],
            "persistent": false,
            "plcIdentifier": {
                "namespace": null,
                "node": "DRandInt"
            }
        },
        {
            "dataType": "float",
            "description": null,
            "function": "random",
            "initialValue": 0,
            "interval": 100,
            "limits": {
                "lower": 0.0,
                "upper": 100.0
            },
            "parameters": [],
            "persistent": false,
            "plcIdentifier": {
                "namespace": null,
                "node": "DRandFloat"
            }
        },
        {
            "dataType": "i32",
            "description": null,
            "function": "time",
            "initialValue": "",
            "interval": 250,
            "limits": {
                "lower": -2147483648,
                "upper": 2147483647
            },
            "parameters": [],
            "persistent": false,
            "plcIdentifier": {
                "namespace": null,
                "node": "Systemzeit"
            }
        },
        {
            "dataType": "boolean",
            "description": null,
            "function": "storage",
            "initialValue": false,
            "interval": 100,
            "limits": {
                "lower": false,
                "upper": true
            },
            "parameters": [],
            "persistent": true,
            "plcIdentifier": {
                "namespace": null,
                "node": "SBool"
            }
        },
        {
            "dataType": "i32",
            "description": null,
            "function": "storage",
            "initialValue": 0,
            "interval": 100,
            "limits": {
                "lower": 0,
                "upper": 100
            },
            "parameters": [],
            "persistent": true,
            "plcIdentifier": {
                "namespace": null,
                "node": "SInt"
            }
        },
        {
            "dataType": "float",
            "description": null,
            "function": "storage",
            "initialValue": 0,
            "interval": 100,
            "limits": {
                "lower": 0.0,
                "upper": 100.0
            },
            "parameters": [],
            "persistent": true,
            "plcIdentifier": {
                "namespace": null,
                "node": "SFloat"
            }
        },
        {
            "dataType": "string",
            "description": null,
            "function": "storage",
            "initialValue": "",
            "interval": 100,
            "limits": null,
            "parameters": [],
            "persistent": true,
            "plcIdentifier": {
                "namespace": null,
                "node": "SString"
            }
        }
    ],
    "version": 0
}