{"structs":[{"description":null,"members":{"actValue":{"access_group":null,"array_config":null,"attributes":{},"description":null,"digits":2,"discrete":null,"interval":null,"label":{"propagate":true,"rules":[{"mode":"inherit"},{"mode":"append","value":" ${act}"}]},"limits":{"max":150,"min":0},"limits_prewarn":null,"limits_trend":null,"limits_warn":{"enabled":true,"max":140,"min":10},"object_plc_name":{"array_prefix":null,"array_suffix":null,"array_type":"single","namespace":null,"type":"auto","value":""},"plc_name":{"array_prefix":null,"array_suffix":null,"array_type":"single","namespace":null,"type":"auto","value":""},"recorders":[],"recording_threshold":null,"simulation":{"function":"randomramp","max":null,"min":null,"param":"$.setValue,1,2","persistent":false,"type":"double","value":75},"source":null,"step":null,"tolerances":null,"type":{"name":"float","namespace":null},"unit":"°C","update_function":null,"vector_config":null},"setValue":{"access_group":null,"array_config":null,"attributes":{},"description":null,"digits":0,"discrete":null,"interval":null,"label":{"propagate":true,"rules":[{"mode":"inherit"},{"mode":"append","value":" ${set}"}]},"limits":{"max":150,"min":0},"limits_prewarn":null,"limits_trend":null,"limits_warn":null,"object_plc_name":{"array_prefix":null,"array_suffix":null,"array_type":"single","namespace":null,"type":"auto","value":0},"plc_name":{"array_prefix":null,"array_suffix":null,"array_type":"single","namespace":null,"type":"auto","value":""},"recorders":[],"recording_threshold":null,"simulation":{"function":"storage","max":140,"min":0,"param":null,"persistent":true,"type":"double","value":0},"source":null,"step":1.0,"tolerances":null,"type":{"name":"float","namespace":null},"unit":"°C","update_function":null,"vector_config":null},"status":{"access_group":null,"array_config":null,"attributes":{},"description":null,"digits":null,"discrete":null,"interval":null,"label":{"propagate":true,"rules":[{"mode":"inherit"},{"mode":"append","value":" ${status}"}]},"limits":null,"limits_prewarn":null,"limits_trend":null,"limits_warn":null,"object_plc_name":{"array_prefix":null,"array_suffix":null,"array_type":"single","namespace":null,"type":"auto","value":0},"plc_name":{"array_prefix":null,"array_suffix":null,"array_type":"single","namespace":null,"type":"auto","value":""},"recorders":[],"recording_threshold":null,"simulation":{"function":"storage","max":null,"min":null,"param":null,"persistent":true,"type":"boolean","value":false},"source":null,"step":null,"tolerances":null,"type":{"name":"bool","namespace":null},"unit":null,"update_function":null,"vector_config":null}},"name":"actSetValue","namespace":null}],"variables":[{"access_group":null,"array_config":null,"attributes":{},"description":null,"digits":null,"discrete":null,"interval":100,"label":null,"limits":{"max":150,"min":0},"limits_prewarn":null,"limits_trend":null,"limits_warn":null,"name":"DSaw","namespace":null,"object_plc_name":{"array_prefix":null,"array_suffix":null,"array_type":"single","namespace":null,"type":"auto","value":0},"plc_name":{"array_prefix":null,"array_suffix":null,"array_type":"single","namespace":null,"type":"auto","value":""},"recorders":[],"recording_threshold":null,"simulation":{"function":"triangle","max":null,"min":null,"param":"","persistent":false,"type":"i32","value":1},"source":null,"step":null,"tolerances":null,"type":{"name":"int","namespace":null},"unit":null,"update_function":null,"vector_config":null},{"access_group":null,"array_config":null,"attributes":{},"description":null,"digits":2,"discrete":null,"interval":100,"label":null,"limits":{"max":100,"min":-100},"limits_prewarn":null,"limits_trend":null,"limits_warn":null,"name":"DSin","namespace":null,"object_plc_name":{"array_prefix":null,"array_suffix":null,"array_type":"single","namespace":null,"type":"auto","value":0},"plc_name":{"array_prefix":null,"array_suffix":null,"array_type":"single","namespace":null,"type":"auto","value":""},"recorders":[],"recording_threshold":null,"simulation":{"function":"sine","max":null,"min":null,"param":"1","persistent":false,"type":"float","value":0},"source":null,"step":null,"tolerances":null,"type":{"name":"float","namespace":null},"unit":null,"update_function":null,"vector_config":null},{"access_group":null,"array_config":null,"attributes":{},"description":null,"digits":null,"discrete":null,"interval":100,"label":null,"limits":null,"limits_prewarn":null,"limits_trend":null,"limits_warn":null,"name":"DRandBool","namespace":null,"object_plc_name":{"array_prefix":null,"array_suffix":null,"array_type":"single","namespace":null,"type":"auto","value":0},"plc_name":{"array_prefix":null,"array_suffix":null,"array_type":"single","namespace":null,"type":"auto","value":""},"recorders":[],"recording_threshold":null,"simulation":{"function":"random","max":null,"min":null,"param":"","persistent":false,"type":"boolean","value":false},"source":null,"step":null,"tolerances":null,"type":{"name":"bool","namespace":null},"unit":null,"update_function":null,"vector_config":null},{"access_group":null,"array_config":null,"attributes":{},"description":null,"digits":null,"discrete":null,"interval":100,"label":null,"limits":{"max":100,"min":0},"limits_prewarn":null,"limits_trend":null,"limits_warn":null,"name":"DRandInt","namespace":null,"object_plc_name":{"array_prefix":null,"array_suffix":null,"array_type":"single","namespace":null,"type":"auto","value":0},"plc_name":{"array_prefix":null,"array_suffix":null,"array_type":"single","namespace":null,"type":"auto","value":""},"recorders":[],"recording_threshold":null,"simulation":{"function":"random","max":null,"min":null,"param":"","persistent":false,"type":"i32","value":0},"source":null,"step":null,"tolerances":null,"type":{"name":"int","namespace":null},"unit":null,"update_function":null,"vector_config":null},{"access_group":null,"array_config":null,"attributes":{},"description":null,"digits":null,"discrete":null,"interval":100,"label":null,"limits":{"max":100,"min":0},"limits_prewarn":null,"limits_trend":null,"limits_warn":null,"name":"DRandFloat","namespace":null,"object_plc_name":{"array_prefix":null,"array_suffix":null,"array_type":"single","namespace":null,"type":"auto","value":0},"plc_name":{"array_prefix":null,"array_suffix":null,"array_type":"single","namespace":null,"type":"auto","value":""},"recorders":[],"recording_threshold":null,"simulation":{"function":"random","max":null,"min":null,"param":"","persistent":false,"type":"float","value":0},"source":null,"step":null,"tolerances":null,"type":{"name":"float","namespace":null},"unit":null,"update_function":null,"vector_config":null},{"access_group":null,"array_config":null,"attributes":{},"description":null,"digits":null,"discrete":null,"interval":250,"label":null,"limits":null,"limits_prewarn":null,"limits_trend":null,"limits_warn":null,"name":"Systemzeit","namespace":null,"object_plc_name":{"array_prefix":null,"array_suffix":null,"array_type":"single","namespace":null,"type":"auto","value":0},"plc_name":{"array_prefix":null,"array_suffix":null,"array_type":"single","namespace":null,"type":"auto","value":""},"recorders":[],"recording_threshold":null,"simulation":{"function":"time","max":null,"min":null,"param":"","persistent":false,"type":"i32","value":""},"source":null,"step":null,"tolerances":null,"type":{"name":"int","namespace":null},"unit":null,"update_function":null,"vector_config":null},{"access_group":null,"array_config":null,"attributes":{},"description":null,"digits":null,"discrete":null,"interval":100,"label":null,"limits":{"max":1,"min":0},"limits_prewarn":null,"limits_trend":null,"limits_warn":null,"name":"SBool","namespace":null,"object_plc_name":{"array_prefix":null,"array_suffix":null,"array_type":"single","namespace":null,"type":"auto","value":0},"plc_name":{"array_prefix":null,"array_suffix":null,"array_type":"single","namespace":null,"type":"auto","value":""},"recorders":[],"recording_threshold":null,"simulation":{"function":"storage","max":null,"min":null,"param":null,"persistent":true,"type":"boolean","value":false},"source":null,"step":null,"tolerances":null,"type":{"name":"bool","namespace":null},"unit":null,"update_function":null,"vector_config":null},{"access_group":null,"array_config":null,"attributes":{},"description":null,"digits":null,"discrete":null,"interval":100,"label":null,"limits":{"max":100,"min":0},"limits_prewarn":null,"limits_trend":null,"limits_warn":null,"name":"SInt","namespace":null,"object_plc_name":{"array_prefix":null,"array_suffix":null,"array_type":"single","namespace":null,"type":"auto","value":0},"plc_name":{"array_prefix":null,"array_suffix":null,"array_type":"single","namespace":null,"type":"auto","value":""},"recorders":[],"recording_threshold":null,"simulation":{"function":"storage","max":null,"min":null,"param":null,"persistent":true,"type":"i32","value":0},"source":null,"step":null,"tolerances":null,"type":{"name":"int","namespace":null},"unit":null,"update_function":null,"vector_config":null},{"access_group":null,"array_config":null,"attributes":{},"description":null,"digits":null,"discrete":null,"interval":100,"label":null,"limits":{"max":100,"min":0},"limits_prewarn":null,"limits_trend":null,"limits_warn":null,"name":"SFloat","namespace":null,"object_plc_name":{"array_prefix":null,"array_suffix":null,"array_type":"single","namespace":null,"type":"auto","value":0},"plc_name":{"array_prefix":null,"array_suffix":null,"array_type":"single","namespace":null,"type":"auto","value":""},"recorders":[],"recording_threshold":null,"simulation":{"function":"storage","max":null,"min":null,"param":null,"persistent":true,"type":"float","value":0},"source":null,"step":null,"tolerances":null,"type":{"name":"float","namespace":null},"unit":null,"update_function":null,"vector_config":null},{"access_group":null,"array_config":null,"attributes":{},"description":null,"digits":null,"discrete":null,"interval":100,"label":null,"limits":null,"limits_prewarn":null,"limits_trend":null,"limits_warn":null,"name":"SString","namespace":null,"object_plc_name":{"array_prefix":null,"array_suffix":null,"array_type":"single","namespace":null,"type":"auto","value":0},"plc_name":{"array_prefix":null,"array_suffix":null,"array_type":"single","namespace":null,"type":"auto","value":""},"recorders":[],"recording_threshold":null,"simulation":{"function":"storage","max":null,"min":null,"param":null,"persistent":true,"type":"string","value":""},"source":null,"step":null,"tolerances":null,"type":{"name":"string","namespace":null},"unit":null,"update_function":null,"vector_config":null},{"access_group":null,"array_config":null,"attributes":{},"description":null,"digits":null,"discrete":null,"interval":null,"label":null,"limits":null,"limits_prewarn":null,"limits_trend":null,"limits_warn":null,"name":"timePassed","namespace":null,"object_plc_name":{"array_prefix":null,"array_suffix":null,"array_type":"single","namespace":null,"type":"auto","value":""},"plc_name":{"array_prefix":null,"array_suffix":null,"array_type":"single","namespace":2,"type":"absolute","value":"plc/app/Application/sym/PLCAUX_PRG/timePassed"},"recorders":[],"recording_threshold":null,"simulation":{"function":"storage","max":null,"min":null,"param":null,"persistent":false,"type":"i32","value":0},"source":"ctrlXCore","step":null,"tolerances":null,"type":{"name":"int","namespace":null},"unit":null,"update_function":null,"vector_config":null},{"access_group":null,"array_config":null,"attributes":{},"description":null,"digits":null,"discrete":null,"interval":null,"label":null,"limits":null,"limits_prewarn":null,"limits_trend":null,"limits_warn":null,"name":"LED2","namespace":null,"object_plc_name":{"array_prefix":null,"array_suffix":null,"array_type":"single","namespace":null,"type":"auto","value":""},"plc_name":{"array_prefix":null,"array_suffix":null,"array_type":"single","namespace":2,"type":"absolute","value":"plc/app/Application/sym/PLCAUX_PRG/LED2"},"recorders":[],"recording_threshold":null,"simulation":{"function":"storage","max":null,"min":null,"param":null,"persistent":false,"type":"i32","value":0},"source":"ctrlXCore","step":null,"tolerances":null,"type":{"name":"bool","namespace":null},"unit":null,"update_function":null,"vector_config":null},{"access_group":null,"array_config":null,"attributes":{},"description":null,"digits":null,"discrete":null,"interval":null,"label":null,"limits":null,"limits_prewarn":null,"limits_trend":null,"limits_warn":null,"name":"Button1","namespace":null,"object_plc_name":{"array_prefix":null,"array_suffix":null,"array_type":"single","namespace":null,"type":"auto","value":""},"plc_name":{"array_prefix":null,"array_suffix":null,"array_type":"single","namespace":2,"type":"absolute","value":"plc/app/Application/sym/PLCAUX_PRG/Button1"},"recorders":[],"recording_threshold":null,"simulation":{"function":"storage","max":null,"min":null,"param":null,"persistent":false,"type":"i32","value":0},"source":"ctrlXCore","step":null,"tolerances":null,"type":{"name":"bool","namespace":null},"unit":null,"update_function":null,"vector_config":null},{"access_group":null,"array_config":null,"attributes":{},"description":null,"digits":null,"discrete":null,"interval":null,"label":null,"limits":null,"limits_prewarn":null,"limits_trend":null,"limits_warn":null,"name":"textVar1","namespace":null,"object_plc_name":{"array_prefix":null,"array_suffix":null,"array_type":"single","namespace":null,"type":"auto","value":""},"plc_name":{"array_prefix":null,"array_suffix":null,"array_type":"single","namespace":2,"type":"absolute","value":"plc/app/Application/sym/PLC_PRG/textVar1"},"recorders":[],"recording_threshold":null,"simulation":{"function":"storage","max":null,"min":null,"param":null,"persistent":false,"type":"i32","value":0},"source":"ctrlXCore","step":null,"tolerances":null,"type":{"name":"string","namespace":null},"unit":null,"update_function":null,"vector_config":null},{"access_group":null,"array_config":null,"attributes":{},"description":null,"digits":null,"discrete":null,"interval":null,"label":null,"limits":null,"limits_prewarn":null,"limits_trend":null,"limits_warn":null,"name":"intVar1","namespace":null,"object_plc_name":{"array_prefix":null,"array_suffix":null,"array_type":"single","namespace":null,"type":"auto","value":""},"plc_name":{"array_prefix":null,"array_suffix":null,"array_type":"single","namespace":2,"type":"absolute","value":"plc/app/Application/sym/PLC_PRG/intVar1"},"recorders":[],"recording_threshold":null,"simulation":{"function":"storage","max":null,"min":null,"param":null,"persistent":false,"type":"i32","value":0},"source":"ctrlXCore","step":null,"tolerances":null,"type":{"name":"int","namespace":null},"unit":null,"update_function":null,"vector_config":null},{"access_group":null,"array_config":null,"attributes":{},"description":null,"digits":null,"discrete":null,"interval":null,"label":null,"limits":null,"limits_prewarn":null,"limits_trend":null,"limits_warn":null,"name":"iCounter","namespace":null,"object_plc_name":{"array_prefix":null,"array_suffix":null,"array_type":"single","namespace":null,"type":"auto","value":""},"plc_name":{"array_prefix":null,"array_suffix":null,"array_type":"single","namespace":2,"type":"absolute","value":"plc/app/Application/sym/PLC_PRG/iCounter"},"recorders":[],"recording_threshold":null,"simulation":{"function":"storage","max":null,"min":null,"param":null,"persistent":false,"type":"i32","value":0},"source":"ctrlXCore","step":null,"tolerances":null,"type":{"name":"int","namespace":null},"unit":null,"update_function":null,"vector_config":null},{"access_group":null,"array_config":null,"attributes":{},"description":null,"digits":null,"discrete":null,"interval":null,"label":null,"limits":null,"limits_prewarn":null,"limits_trend":null,"limits_warn":null,"name":"boolVar2","namespace":null,"object_plc_name":{"array_prefix":null,"array_suffix":null,"array_type":"single","namespace":null,"type":"auto","value":""},"plc_name":{"array_prefix":null,"array_suffix":null,"array_type":"single","namespace":2,"type":"absolute","value":"plc/app/Application/sym/PLC_PRG/boolVar2"},"recorders":[],"recording_threshold":null,"simulation":{"function":"storage","max":null,"min":null,"param":null,"persistent":false,"type":"i32","value":0},"source":"ctrlXCore","step":null,"tolerances":null,"type":{"name":"bool","namespace":null},"unit":null,"update_function":null,"vector_config":null},{"access_group":null,"array_config":null,"attributes":{},"description":null,"digits":null,"discrete":null,"interval":null,"label":null,"limits":null,"limits_prewarn":null,"limits_trend":null,"limits_warn":null,"name":"boolVar1","namespace":null,"object_plc_name":{"array_prefix":null,"array_suffix":null,"array_type":"single","namespace":null,"type":"auto","value":""},"plc_name":{"array_prefix":null,"array_suffix":null,"array_type":"single","namespace":2,"type":"absolute","value":"plc/app/Application/sym/PLC_PRG/boolVar1"},"recorders":[],"recording_threshold":null,"simulation":{"function":"storage","max":null,"min":null,"param":null,"persistent":false,"type":"i32","value":0},"source":"ctrlXCore","step":null,"tolerances":null,"type":{"name":"bool","namespace":null},"unit":null,"update_function":null,"vector_config":null},{"access_group":null,"array_config":null,"attributes":{},"description":null,"digits":null,"discrete":null,"interval":null,"label":null,"limits":null,"limits_prewarn":null,"limits_trend":null,"limits_warn":null,"name":"timerPreset","namespace":null,"object_plc_name":{"array_prefix":null,"array_suffix":null,"array_type":"single","namespace":null,"type":"auto","value":""},"plc_name":{"array_prefix":null,"array_suffix":null,"array_type":"single","namespace":2,"type":"absolute","value":"plc/app/Application/sym/PLCAUX_PRG/timerPreset"},"recorders":[],"recording_threshold":null,"simulation":{"function":"storage","max":null,"min":null,"param":null,"persistent":false,"type":"i32","value":0},"source":"ctrlXCore","step":null,"tolerances":null,"type":{"name":"int","namespace":null},"unit":null,"update_function":null,"vector_config":null},{"access_group":null,"array_config":null,"attributes":{},"description":null,"digits":null,"discrete":null,"interval":null,"label":null,"limits":null,"limits_prewarn":null,"limits_trend":null,"limits_warn":null,"name":"Button2","namespace":null,"object_plc_name":{"array_prefix":null,"array_suffix":null,"array_type":"single","namespace":null,"type":"auto","value":""},"plc_name":{"array_prefix":null,"array_suffix":null,"array_type":"single","namespace":2,"type":"absolute","value":"plc/app/Application/sym/PLCAUX_PRG/Button2"},"recorders":[],"recording_threshold":null,"simulation":{"function":"storage","max":null,"min":null,"param":null,"persistent":false,"type":"i32","value":0},"source":"ctrlXCore","step":null,"tolerances":null,"type":{"name":"bool","namespace":null},"unit":null,"update_function":null,"vector_config":null},{"access_group":null,"array_config":null,"attributes":{},"description":null,"digits":null,"discrete":null,"interval":null,"label":null,"limits":null,"limits_prewarn":null,"limits_trend":null,"limits_warn":null,"name":"LED1","namespace":null,"object_plc_name":{"array_prefix":null,"array_suffix":null,"array_type":"single","namespace":null,"type":"auto","value":""},"plc_name":{"array_prefix":null,"array_suffix":null,"array_type":"single","namespace":2,"type":"absolute","value":"plc/app/Application/sym/PLCAUX_PRG/LED1"},"recorders":[],"recording_threshold":null,"simulation":{"function":"storage","max":null,"min":null,"param":null,"persistent":false,"type":"i32","value":0},"source":"ctrlXCore","step":null,"tolerances":null,"type":{"name":"bool","namespace":null},"unit":null,"update_function":null,"vector_config":null},{"access_group":null,"array_config":null,"attributes":{},"description":null,"digits":null,"discrete":null,"interval":null,"label":null,"limits":null,"limits_prewarn":null,"limits_trend":null,"limits_warn":null,"name":"timePassed1","namespace":null,"object_plc_name":{"array_prefix":null,"array_suffix":null,"array_type":"single","namespace":null,"type":"auto","value":""},"plc_name":{"array_prefix":null,"array_suffix":null,"array_type":"single","namespace":2,"type":"absolute","value":"plc/app/Application/sym/PLCAUX_PRG/timePassed1"},"recorders":[],"recording_threshold":null,"simulation":{"function":"storage","max":null,"min":null,"param":null,"persistent":false,"type":"i32","value":0},"source":"ctrlXCore","step":null,"tolerances":null,"type":{"name":"int","namespace":null},"unit":null,"update_function":null,"vector_config":null},{"access_group":null,"array_config":null,"attributes":{},"description":null,"digits":null,"discrete":null,"interval":null,"label":null,"limits":null,"limits_prewarn":null,"limits_trend":null,"limits_warn":null,"name":"timePassed2","namespace":null,"object_plc_name":{"array_prefix":null,"array_suffix":null,"array_type":"single","namespace":null,"type":"auto","value":""},"plc_name":{"array_prefix":null,"array_suffix":null,"array_type":"single","namespace":2,"type":"absolute","value":"plc/app/Application/sym/PLCAUX_PRG/timePassed2"},"recorders":[],"recording_threshold":null,"simulation":{"function":"storage","max":null,"min":null,"param":null,"persistent":false,"type":"i32","value":0},"source":"ctrlXCore","step":null,"tolerances":null,"type":{"name":"int","namespace":null},"unit":null,"update_function":null,"vector_config":null},{"access_group":null,"array_config":null,"attributes":{},"description":null,"digits":null,"discrete":null,"interval":null,"label":null,"limits":null,"limits_prewarn":null,"limits_trend":null,"limits_warn":null,"name":"inputs.inputs[1]","namespace":null,"object_plc_name":{"array_prefix":null,"array_suffix":null,"array_type":"single","namespace":null,"type":"auto","value":""},"plc_name":{"array_prefix":null,"array_suffix":null,"array_type":"single","namespace":2,"type":"absolute","value":"plc/app/Application/sym/PLC_CASCADEOUT_PRG/inputs/1"},"recorders":[],"recording_threshold":null,"simulation":{"function":"storage","max":null,"min":null,"param":null,"persistent":false,"type":"i32","value":0},"source":"ctrlXCore","step":null,"tolerances":null,"type":{"name":"bool","namespace":null},"unit":null,"update_function":null,"vector_config":null},{"access_group":null,"array_config":null,"attributes":{},"description":null,"digits":null,"discrete":null,"interval":null,"label":null,"limits":null,"limits_prewarn":null,"limits_trend":null,"limits_warn":null,"name":"inputs.inputs[2]","namespace":null,"object_plc_name":{"array_prefix":null,"array_suffix":null,"array_type":"single","namespace":null,"type":"auto","value":""},"plc_name":{"array_prefix":null,"array_suffix":null,"array_type":"single","namespace":2,"type":"absolute","value":"plc/app/Application/sym/PLC_CASCADEOUT_PRG/inputs/2"},"recorders":[],"recording_threshold":null,"simulation":{"function":"storage","max":null,"min":null,"param":null,"persistent":false,"type":"i32","value":0},"source":"ctrlXCore","step":null,"tolerances":null,"type":{"name":"bool","namespace":null},"unit":null,"update_function":null,"vector_config":null},{"access_group":null,"array_config":null,"attributes":{},"description":null,"digits":null,"discrete":null,"interval":null,"label":null,"limits":null,"limits_prewarn":null,"limits_trend":null,"limits_warn":null,"name":"inputs.inputs[3]","namespace":null,"object_plc_name":{"array_prefix":null,"array_suffix":null,"array_type":"single","namespace":null,"type":"auto","value":""},"plc_name":{"array_prefix":null,"array_suffix":null,"array_type":"single","namespace":2,"type":"absolute","value":"plc/app/Application/sym/PLC_CASCADEOUT_PRG/inputs/3"},"recorders":[],"recording_threshold":null,"simulation":{"function":"storage","max":null,"min":null,"param":null,"persistent":false,"type":"i32","value":0},"source":"ctrlXCore","step":null,"tolerances":null,"type":{"name":"bool","namespace":null},"unit":null,"update_function":null,"vector_config":null},{"access_group":null,"array_config":null,"attributes":{},"description":null,"digits":null,"discrete":null,"interval":null,"label":null,"limits":null,"limits_prewarn":null,"limits_trend":null,"limits_warn":null,"name":"inputs.inputs[4]","namespace":null,"object_plc_name":{"array_prefix":null,"array_suffix":null,"array_type":"single","namespace":null,"type":"auto","value":""},"plc_name":{"array_prefix":null,"array_suffix":null,"array_type":"single","namespace":2,"type":"absolute","value":"plc/app/Application/sym/PLC_CASCADEOUT_PRG/inputs/4"},"recorders":[],"recording_threshold":null,"simulation":{"function":"storage","max":null,"min":null,"param":null,"persistent":false,"type":"i32","value":0},"source":"ctrlXCore","step":null,"tolerances":null,"type":{"name":"bool","namespace":null},"unit":null,"update_function":null,"vector_config":null},{"access_group":null,"array_config":null,"attributes":{},"description":null,"digits":null,"discrete":null,"interval":null,"label":null,"limits":null,"limits_prewarn":null,"limits_trend":null,"limits_warn":null,"name":"inputs.inputs[5]","namespace":null,"object_plc_name":{"array_prefix":null,"array_suffix":null,"array_type":"single","namespace":null,"type":"auto","value":""},"plc_name":{"array_prefix":null,"array_suffix":null,"array_type":"single","namespace":2,"type":"absolute","value":"plc/app/Application/sym/PLC_CASCADEOUT_PRG/inputs/5"},"recorders":[],"recording_threshold":null,"simulation":{"function":"storage","max":null,"min":null,"param":null,"persistent":false,"type":"i32","value":0},"source":"ctrlXCore","step":null,"tolerances":null,"type":{"name":"bool","namespace":null},"unit":null,"update_function":null,"vector_config":null},{"access_group":null,"array_config":null,"attributes":{},"description":null,"digits":null,"discrete":null,"interval":null,"label":null,"limits":null,"limits_prewarn":null,"limits_trend":null,"limits_warn":null,"name":"inputs.inputs[6]","namespace":null,"object_plc_name":{"array_prefix":null,"array_suffix":null,"array_type":"single","namespace":null,"type":"auto","value":""},"plc_name":{"array_prefix":null,"array_suffix":null,"array_type":"single","namespace":2,"type":"absolute","value":"plc/app/Application/sym/PLC_CASCADEOUT_PRG/inputs/6"},"recorders":[],"recording_threshold":null,"simulation":{"function":"storage","max":null,"min":null,"param":null,"persistent":false,"type":"i32","value":0},"source":"ctrlXCore","step":null,"tolerances":null,"type":{"name":"bool","namespace":null},"unit":null,"update_function":null,"vector_config":null},{"access_group":null,"array_config":null,"attributes":{},"description":null,"digits":null,"discrete":null,"interval":null,"label":null,"limits":null,"limits_prewarn":null,"limits_trend":null,"limits_warn":null,"name":"inputs.inputs[7]","namespace":null,"object_plc_name":{"array_prefix":null,"array_suffix":null,"array_type":"single","namespace":null,"type":"auto","value":""},"plc_name":{"array_prefix":null,"array_suffix":null,"array_type":"single","namespace":2,"type":"absolute","value":"plc/app/Application/sym/PLC_CASCADEOUT_PRG/inputs/7"},"recorders":[],"recording_threshold":null,"simulation":{"function":"storage","max":null,"min":null,"param":null,"persistent":false,"type":"i32","value":0},"source":"ctrlXCore","step":null,"tolerances":null,"type":{"name":"bool","namespace":null},"unit":null,"update_function":null,"vector_config":null},{"access_group":null,"array_config":null,"attributes":{},"description":null,"digits":null,"discrete":null,"interval":null,"label":null,"limits":null,"limits_prewarn":null,"limits_trend":null,"limits_warn":null,"name":"inputs.inputs[8]","namespace":null,"object_plc_name":{"array_prefix":null,"array_suffix":null,"array_type":"single","namespace":null,"type":"auto","value":""},"plc_name":{"array_prefix":null,"array_suffix":null,"array_type":"single","namespace":2,"type":"absolute","value":"plc/app/Application/sym/PLC_CASCADEOUT_PRG/inputs/8"},"recorders":[],"recording_threshold":null,"simulation":{"function":"storage","max":null,"min":null,"param":null,"persistent":false,"type":"i32","value":0},"source":"ctrlXCore","step":null,"tolerances":null,"type":{"name":"bool","namespace":null},"unit":null,"update_function":null,"vector_config":null},{"access_group":null,"array_config":null,"attributes":{},"description":null,"digits":null,"discrete":null,"interval":null,"label":null,"limits":null,"limits_prewarn":null,"limits_trend":null,"limits_warn":null,"name":"outputs.outputs[1]","namespace":null,"object_plc_name":{"array_prefix":null,"array_suffix":null,"array_type":"single","namespace":null,"type":"auto","value":""},"plc_name":{"array_prefix":null,"array_suffix":null,"array_type":"single","namespace":2,"type":"absolute","value":"plc/app/Application/sym/PLC_CASCADEOUT_PRG/outputs/1"},"recorders":[],"recording_threshold":null,"simulation":{"function":"storage","max":null,"min":null,"param":null,"persistent":false,"type":"i32","value":0},"source":"ctrlXCore","step":null,"tolerances":null,"type":{"name":"bool","namespace":null},"unit":null,"update_function":null,"vector_config":null},{"access_group":null,"array_config":null,"attributes":{},"description":null,"digits":null,"discrete":null,"interval":null,"label":null,"limits":null,"limits_prewarn":null,"limits_trend":null,"limits_warn":null,"name":"outputs.outputs[2]","namespace":null,"object_plc_name":{"array_prefix":null,"array_suffix":null,"array_type":"single","namespace":null,"type":"auto","value":""},"plc_name":{"array_prefix":null,"array_suffix":null,"array_type":"single","namespace":2,"type":"absolute","value":"plc/app/Application/sym/PLC_CASCADEOUT_PRG/outputs/2"},"recorders":[],"recording_threshold":null,"simulation":{"function":"storage","max":null,"min":null,"param":null,"persistent":false,"type":"i32","value":0},"source":"ctrlXCore","step":null,"tolerances":null,"type":{"name":"bool","namespace":null},"unit":null,"update_function":null,"vector_config":null},{"access_group":null,"array_config":null,"attributes":{},"description":null,"digits":null,"discrete":null,"interval":null,"label":null,"limits":null,"limits_prewarn":null,"limits_trend":null,"limits_warn":null,"name":"outputs.outputs[3]","namespace":null,"object_plc_name":{"array_prefix":null,"array_suffix":null,"array_type":"single","namespace":null,"type":"auto","value":""},"plc_name":{"array_prefix":null,"array_suffix":null,"array_type":"single","namespace":2,"type":"absolute","value":"plc/app/Application/sym/PLC_CASCADEOUT_PRG/outputs/3"},"recorders":[],"recording_threshold":null,"simulation":{"function":"storage","max":null,"min":null,"param":null,"persistent":false,"type":"i32","value":0},"source":"ctrlXCore","step":null,"tolerances":null,"type":{"name":"bool","namespace":null},"unit":null,"update_function":null,"vector_config":null},{"access_group":null,"array_config":null,"attributes":{},"description":null,"digits":null,"discrete":null,"interval":null,"label":null,"limits":null,"limits_prewarn":null,"limits_trend":null,"limits_warn":null,"name":"outputs.outputs[4]","namespace":null,"object_plc_name":{"array_prefix":null,"array_suffix":null,"array_type":"single","namespace":null,"type":"auto","value":""},"plc_name":{"array_prefix":null,"array_suffix":null,"array_type":"single","namespace":2,"type":"absolute","value":"plc/app/Application/sym/PLC_CASCADEOUT_PRG/outputs/4"},"recorders":[],"recording_threshold":null,"simulation":{"function":"storage","max":null,"min":null,"param":null,"persistent":false,"type":"i32","value":0},"source":"ctrlXCore","step":null,"tolerances":null,"type":{"name":"bool","namespace":null},"unit":null,"update_function":null,"vector_config":null},{"access_group":null,"array_config":null,"attributes":{},"description":null,"digits":null,"discrete":null,"interval":null,"label":null,"limits":null,"limits_prewarn":null,"limits_trend":null,"limits_warn":null,"name":"outputs.outputs[5]","namespace":null,"object_plc_name":{"array_prefix":null,"array_suffix":null,"array_type":"single","namespace":null,"type":"auto","value":""},"plc_name":{"array_prefix":null,"array_suffix":null,"array_type":"single","namespace":2,"type":"absolute","value":"plc/app/Application/sym/PLC_CASCADEOUT_PRG/outputs/5"},"recorders":[],"recording_threshold":null,"simulation":{"function":"storage","max":null,"min":null,"param":null,"persistent":false,"type":"i32","value":0},"source":"ctrlXCore","step":null,"tolerances":null,"type":{"name":"bool","namespace":null},"unit":null,"update_function":null,"vector_config":null},{"access_group":null,"array_config":null,"attributes":{},"description":null,"digits":null,"discrete":null,"interval":null,"label":null,"limits":null,"limits_prewarn":null,"limits_trend":null,"limits_warn":null,"name":"outputs.outputs[6]","namespace":null,"object_plc_name":{"array_prefix":null,"array_suffix":null,"array_type":"single","namespace":null,"type":"auto","value":""},"plc_name":{"array_prefix":null,"array_suffix":null,"array_type":"single","namespace":2,"type":"absolute","value":"plc/app/Application/sym/PLC_CASCADEOUT_PRG/outputs/6"},"recorders":[],"recording_threshold":null,"simulation":{"function":"storage","max":null,"min":null,"param":null,"persistent":false,"type":"i32","value":0},"source":"ctrlXCore","step":null,"tolerances":null,"type":{"name":"bool","namespace":null},"unit":null,"update_function":null,"vector_config":null},{"access_group":null,"array_config":null,"attributes":{},"description":null,"digits":null,"discrete":null,"interval":null,"label":null,"limits":null,"limits_prewarn":null,"limits_trend":null,"limits_warn":null,"name":"outputs.outputs[7]","namespace":null,"object_plc_name":{"array_prefix":null,"array_suffix":null,"array_type":"single","namespace":null,"type":"auto","value":""},"plc_name":{"array_prefix":null,"array_suffix":null,"array_type":"single","namespace":2,"type":"absolute","value":"plc/app/Application/sym/PLC_CASCADEOUT_PRG/outputs/7"},"recorders":[],"recording_threshold":null,"simulation":{"function":"storage","max":null,"min":null,"param":null,"persistent":false,"type":"i32","value":0},"source":"ctrlXCore","step":null,"tolerances":null,"type":{"name":"bool","namespace":null},"unit":null,"update_function":null,"vector_config":null},{"access_group":null,"array_config":null,"attributes":{},"description":null,"digits":null,"discrete":null,"interval":null,"label":null,"limits":null,"limits_prewarn":null,"limits_trend":null,"limits_warn":null,"name":"outputs.outputs[8]","namespace":null,"object_plc_name":{"array_prefix":null,"array_suffix":null,"array_type":"single","namespace":null,"type":"auto","value":""},"plc_name":{"array_prefix":null,"array_suffix":null,"array_type":"single","namespace":2,"type":"absolute","value":"plc/app/Application/sym/PLC_CASCADEOUT_PRG/outputs/8"},"recorders":[],"recording_threshold":null,"simulation":{"function":"storage","max":null,"min":null,"param":null,"persistent":false,"type":"i32","value":0},"source":"ctrlXCore","step":null,"tolerances":null,"type":{"name":"bool","namespace":null},"unit":null,"update_function":null,"vector_config":null},{"access_group":null,"array_config":null,"attributes":{},"description":null,"digits":null,"discrete":null,"interval":null,"label":null,"limits":null,"limits_prewarn":null,"limits_trend":null,"limits_warn":null,"name":"timerPresetCascade","namespace":null,"object_plc_name":{"array_prefix":null,"array_suffix":null,"array_type":"single","namespace":null,"type":"auto","value":""},"plc_name":{"array_prefix":null,"array_suffix":null,"array_type":"single","namespace":2,"type":"absolute","value":"plc/app/Application/sym/PLC_CASCADEOUT_PRG/timerPreset"},"recorders":[],"recording_threshold":null,"simulation":{"function":"storage","max":null,"min":null,"param":null,"persistent":false,"type":"i32","value":0},"source":"ctrlXCore","step":null,"tolerances":null,"type":{"name":"int","namespace":null},"unit":null,"update_function":null,"vector_config":null},{"access_group":null,"array_config":null,"attributes":{},"description":null,"digits":null,"discrete":null,"interval":null,"label":null,"limits":null,"limits_prewarn":null,"limits_trend":null,"limits_warn":null,"name":"masterInput","namespace":null,"object_plc_name":{"array_prefix":null,"array_suffix":null,"array_type":"single","namespace":null,"type":"auto","value":""},"plc_name":{"array_prefix":null,"array_suffix":null,"array_type":"single","namespace":2,"type":"absolute","value":"plc/app/Application/sym/PLC_CASCADEOUT_PRG/masterInput"},"recorders":[],"recording_threshold":null,"simulation":{"function":"storage","max":null,"min":null,"param":null,"persistent":false,"type":"i32","value":0},"source":"ctrlXCore","step":null,"tolerances":null,"type":{"name":"bool","namespace":null},"unit":null,"update_function":null,"vector_config":null}],"version":0}