{
    "name": "eqn_testforwork",
    "description": "",
    "title": "EQN_TestForWork",
    "type": "app",
    "version": "1.0",
    "published": true,
    "requires": {
        "visuals": "^2.15.10+48432",
        "hmi-template-02": "^1.0.0"
    },
    "grid": {
        "x": 8,
        "y": 8,
        "visible": true,
        "snap": false
    },
    "lastLayout": 5,
    "numTags": 41,
    "numIoHandlers": 1,
    "lastEdit": 1732812635,
    "lastEditor": "boschrexroth",
    "lastEditorData": {
        "user": "Luís",
        "hostname": "DESKTOP-NBS8STG",
        "platform": {
            "architecture": "x64",
            "platform": "win32",
            "type": "Windows_NT"
        },
        "webiq": {
            "connect": "2.15.9 (release/2.15.9/99467fe3)",
            "designer": "2.15.7 v2.15.10 08edec70c07097d81f4cfdfbfb1b7bc1bd58e2e4",
            "visuals": "2.15.10 Build 48432"
        }
    }
}
